index,time,acc x,acc y,acc z,ori x,ori z,punch
0,0,-0.4052886962890625,-0.607330322265625,-1.1887664794921875,-0.8905140330333292,-0.2905108870982095,None
1,0.05,-0.1536712646484375,-0.5731658935546875,-0.8338775634765625,-0.8240995594195858,0.15014766934553644,None
2,0.1,-0.2193756103515625,-0.61822509765625,-0.68328857421875,-0.7415295022151556,0.23160130258634026,None
3,0.15,-0.10040283203125,-0.621978759765625,-0.4101104736328125,-0.550472363314235,0.1335587057199291,None
4,0.199,0.0348663330078125,-0.5812835693359375,-0.488037109375,-0.6430058320851174,-0.04588921035477008,None
5,0.249,-0.001708984375,-0.6461639404296875,-0.4878082275390625,-0.6025149673515228,0.002110842566411948,None
6,0.299,-0.2944793701171875,-0.772613525390625,-0.9808197021484375,-0.600904631808474,-0.009527291733514628,None
7,0.349,-0.266510009765625,-0.7830047607421875,-1.1516571044921875,-0.5383533038656421,-0.0376555207945095,None
8,0.399,-0.1389312744140625,-0.7260894775390625,-0.7193756103515625,-0.7038148338188516,0.13468751770580242,None
9,0.449,0.0513153076171875,-0.6908416748046875,-0.355926513671875,-0.45799561611581857,-0.06588752480690296,None
10,0.499,-0.135223388671875,-0.70941162109375,-0.4781646728515625,-0.5589201198616643,0.15612257190882334,None
11,0.548,-0.5121307373046875,-0.961700439453125,-0.2438507080078125,-0.5274074898849733,0.17866193666501515,None
12,0.598,-0.580352783203125,-1.0345001220703125,-0.4451751708984375,-0.5385546706619341,0.1472393929885773,None
13,0.648,-0.130157470703125,-0.816680908203125,-0.29742431640625,-0.3421997325965264,0.14810046807050206,None
14,0.698,0.207733154296875,-0.60321044921875,-0.03277587890625,-0.05425569556536351,-0.32518293760951344,None
15,0.748,0.1849517822265625,-0.7040557861328125,-0.2488555908203125,-0.3332551025413241,-0.2404139882021125,None
16,0.847,-0.6837005615234375,-2.0963897705078125,-0.202789306640625,-0.1334489361756942,-0.275287192584796,None
17,0.897,0.6513519287109375,-0.8474578857421875,-0.040863037109375,-0.04816241250777968,-0.6089491873507685,None
18,1.001,2.3611602783203125,1.673797607421875,0.16033935546875,0.26287467996703695,-0.6472718535504436,None
19,1.166,-1.7053985595703125,1.219573974609375,2.2072601318359375,0.1802166201202649,-0.8064516118038904,Straight
20,1.216,-1.965087890625,0.4433441162109375,0.9097747802734375,-0.0028984334140742933,-0.8966898053999935,None
21,1.266,-0.1079864501953125,-0.2389068603515625,0.67047119140625,-0.21178927233328548,-0.9633069244569038,None
22,1.316,-0.0205078125,-0.592193603515625,0.70025634765625,0.7635642286821241,0.02235626764907858,None
23,1.366,0.9633331298828125,-0.295745849609375,0.701446533203125,0.6951911533025502,-0.14549097306162495,None
24,1.416,0.9158172607421875,-0.3357391357421875,-0.06689453125,0.6109550974986881,-0.2402231860191584,None
25,1.465,1.066009521484375,-0.335968017578125,0.323089599609375,0.6518881109297098,-0.28521391465796786,None
26,1.515,0.7913818359375,-0.435699462890625,0.8508148193359375,0.6777595040107971,-0.2812908576153881,None
27,1.565,0.7096099853515625,-0.589019775390625,0.519195556640625,0.661243620996858,-0.6705020511921638,None
28,1.615,0.226226806640625,-0.6555023193359375,0.347198486328125,0.4680644518193434,-0.29171531554720276,None
29,1.665,0.449676513671875,-0.6709442138671875,0.7821502685546875,0.4905835635537455,-0.26229310814087203,None
30,1.715,0.183929443359375,-0.952423095703125,0.2905426025390625,0.29178169388749764,-0.1816411206599716,None
31,1.824,0.0005645751953125,-2.1744384765625,0.1674957275390625,0.26703407771638404,-0.2581478183765236,None
32,1.874,2.1620635986328125,-0.303131103515625,0.927215576171875,0.37286593328485435,-0.4084309962207639,None
33,1.938,4.8693695068359375,0.979766845703125,-0.316864013671875,0.5338539993619389,-0.5569756879285361,None
34,2.143,-2.362823486328125,1.78997802734375,-1.2195892333984375,0.42437995690871255,-0.7153279844025051,None
35,2.193,-0.4977264404296875,-0.37677001953125,1.090057373046875,0.30829684211543296,-0.8433282992198393,Straight
36,2.243,0.919769287109375,-0.212921142578125,-0.218719482421875,0.21492541137040266,-0.888740138142067,None
37,2.293,1.4971923828125,-0.4317474365234375,1.031158447265625,0.13738676955858442,-0.9040886472793442,None
38,2.343,1.195159912109375,-0.505462646484375,0.2987823486328125,0.058995630464642276,-0.9183516197350412,None
39,2.392,1.099884033203125,-0.3714599609375,0.8899688720703125,0.14181741138146084,-0.9214459238458754,None
40,2.442,0.845123291015625,-0.7192535400390625,1.0301055908203125,0.1017928506358423,-0.9064278774650678,None
41,2.492,0.625579833984375,-1.02886962890625,0.875030517578125,0.10993973476266466,-0.8923104293874077,None
42,2.542,0.51654052734375,-0.8265228271484375,0.699371337890625,0.12660270108213434,-0.8889711630664995,None
43,2.592,0.6320648193359375,-0.1880035400390625,0.2412261962890625,0.08082614624380706,-0.8710476516700267,None
44,2.642,0.687774658203125,0.0977020263671875,0.356658935546875,0.058427300264976875,-0.85094831057196,None
45,2.692,0.2177276611328125,-0.1446075439453125,0.4281768798828125,-0.0375998171287789,-0.8044068732347992,None
46,2.741,-0.9344329833984375,-2.314605712890625,0.235565185546875,-0.06590146212978376,-0.7708630186550962,None
47,2.801,0.9153900146484375,-2.43939208984375,1.3519744873046875,-0.13483879228495776,-0.8459844320019986,None
48,3.09,-2.373443603515625,1.932037353515625,-0.9216766357421875,-0.2480914615488638,-0.9488571979772841,None
49,3.14,-0.1062774658203125,-0.0353851318359375,0.9864654541015625,-0.35375079133864673,-0.9724731688019147,Straight
50,3.19,0.8138275146484375,-0.1942596435546875,0.4183502197265625,-0.42117264668937576,-0.9854337459193463,None
51,3.24,1.2504425048828125,-0.8961639404296875,0.3097991943359375,-0.47373787961100317,-0.9857736884082471,None
52,3.29,1.3533782958984375,-0.36578369140625,1.0372772216796875,-0.5143501722631711,-0.9924406830164212,None
53,3.339,0.977294921875,-0.5760650634765625,0.588897705078125,-0.5001562315936301,-0.9797754312472917,None
54,3.389,0.2626190185546875,-1.092529296875,1.372314453125,-0.4762300865225602,-0.9724316440069091,None
55,3.439,0.3555755615234375,-0.892578125,0.5658416748046875,-0.5311543608588797,-0.9707420867064899,None
56,3.489,0.7134552001953125,-0.5167694091796875,0.2854766845703125,0.48354803317992284,-0.770429600669831,None
57,3.539,0.8247833251953125,-0.2868194580078125,0.3985443115234375,0.47234824595504343,-0.767955251369516,None
58,3.589,0.7314300537109375,-0.0986480712890625,0.311798095703125,0.45966448261994775,-0.7244319630795322,None
59,3.638,0.3860931396484375,-0.3798370361328125,0.5402374267578125,0.41140196017302105,-0.6748488295570402,None
60,3.758,1.3694000244140625,-2.3012847900390625,0.7173919677734375,0.35915445183457095,-0.7965655409061114,None
61,4.027,-2.8655548095703125,2.0088348388671875,-0.847198486328125,0.20972100406653738,-0.9061093086849359,None
62,4.077,1.0863037109375,-0.407684326171875,0.647613525390625,0.13177452801552383,-0.9704721872222986,Straight
63,4.127,1.097564697265625,-0.537139892578125,0.6092987060546875,0.05197131159424236,-0.9823178810227022,None
64,4.177,1.6497344970703125,-0.6247711181640625,0.8783111572265625,-0.0005630542715257906,-0.9889521304103656,None
65,4.227,1.4738311767578125,-0.4712982177734375,0.9388275146484375,-0.03080726808789887,-0.9885894183492745,None
66,4.276,0.8949127197265625,-0.2391815185546875,0.6204986572265625,-0.02814626338000727,-0.9868322036520635,None
67,4.326,0.67156982421875,-0.6457977294921875,1.010284423828125,-0.03721659831909582,-0.9757520013406684,None
68,4.376,0.2866058349609375,-1.1751556396484375,0.40771484375,-0.05536377255493581,-0.9669042867569987,None
69,4.426,0.1581878662109375,-1.0033111572265625,0.4571685791015625,-0.052196778703879544,-0.9552104708092267,None
70,4.476,0.7626190185546875,0.0680694580078125,0.2599945068359375,-0.08068337087084339,-0.9663262376283991,None
71,4.526,0.830810546875,0.4517974853515625,-0.1121063232421875,-0.1519295312885526,-0.964309160523515,None
72,4.575,0.266998291015625,-0.75006103515625,0.2600555419921875,0.3275818796978502,-0.31878068818032484,None
73,4.675,1.3310699462890625,-2.2590484619140625,1.0814666748046875,0.28011796537395633,-0.4121210502851848,None
74,4.974,-2.5907135009765625,0.1336212158203125,0.7289886474609375,0.22778205814810193,-0.5831421773235795,Straight
75,5.024,0.850799560546875,-0.2369232177734375,0.9925384521484375,0.17144111561380165,-0.7457642824849956,None
76,5.074,1.5295867919921875,-0.0185546875,0.3830108642578125,0.09525154785323571,-0.7938162220296263,None
77,5.124,1.4251556396484375,-0.412750244140625,0.794708251953125,0.0894849511983003,-0.7841816383840797,None
78,5.174,0.9649810791015625,-0.2140655517578125,0.822601318359375,0.06187201180516353,-0.7394390518038125,None
79,5.223,0.4273223876953125,-0.48065185546875,0.62445068359375,0.7924367940943791,-0.4766987159861641,None
80,5.273,0.631805419921875,-0.2588653564453125,0.72509765625,0.7789552484327557,-0.4343799018766945,None
81,5.323,0.351531982421875,-0.946136474609375,0.857208251953125,0.756875744117864,-0.38328712955183236,None
82,5.373,-0.2666168212890625,-1.4527435302734375,0.9338226318359375,0.7364614171019601,-0.3108503295786735,None
83,5.423,0.5176239013671875,-0.8612518310546875,0.1334686279296875,0.1531424874448461,-0.5106493136388472,None
84,5.473,0.5492095947265625,-0.4631500244140625,0.299713134765625,0.5432868301770838,-0.7055269335283642,None
85,5.522,0.792388916015625,0.105743408203125,0.1303253173828125,0.5274033575484317,-0.7074892201048542,None
86,5.572,0.7163543701171875,0.1147308349609375,0.15655517578125,0.4929716133651314,-0.6622807033718057,None
87,5.622,-0.2209014892578125,-1.557952880859375,0.1531982421875,0.42155515036857355,-0.565128949080005,None
88,5.712,0.8373870849609375,-2.5923004150390625,1.0383453369140625,0.4012259883021067,-0.6869023922014855,None
89,5.94,-8.100112915039062,-2.706512451171875,-1.5100250244140625,0.5768497969610716,-0.6878639125625093,None
90,6.011,-1.7294158935546875,2.1130218505859375,-0.3247528076171875,0.28363219167651493,-0.8371439520341303,None
91,6.061,-0.282806396484375,0.176177978515625,0.79620361328125,0.19429294663047383,-0.8963127737133064,None
92,6.111,0.2999725341796875,-0.581878662109375,1.1433258056640625,0.08352664338842296,-0.913850916096513,Straight
93,6.16,0.3437957763671875,-0.6483001708984375,0.50762939453125,0.6165071138389336,-0.385297266443074,None
94,6.21,0.3379669189453125,-0.9720611572265625,0.9607696533203125,0.41407032572245217,-0.3772051991783016,None
95,6.26,0.0654754638671875,-0.961944580078125,-0.4870452880859375,-0.45171387922362755,-0.060614062209856635,None
96,6.31,-0.183135986328125,-1.12078857421875,-0.023345947265625,-0.5336683351605586,-0.03843880859144293,None
97,6.36,-0.0980224609375,-1.103271484375,-0.0181732177734375,-0.6183318733434218,-0.037068604493163945,None
98,6.41,-0.26171875,-1.090118408203125,-0.406524658203125,-0.6944592354073835,-0.04951654752941906,None
99,6.459,-0.1049346923828125,-1.065673828125,-0.4700927734375,-0.7399132985047338,-0.08309000608867495,None
100,6.509,-0.05609130859375,-1.0584259033203125,-0.511871337890625,-0.7886099021491908,-0.11315300223492432,None
101,6.559,0.1818695068359375,-0.9662322998046875,-0.445037841796875,-0.41834856079201216,-0.1685176458879162,None
102,6.609,0.1140594482421875,-0.9291534423828125,-0.5042724609375,-0.47700044471359926,-0.10726837631595054,None
103,6.659,0.1390533447265625,-0.8626861572265625,-0.527984619140625,-0.5220168009345582,-0.13620047218119272,None
104,6.709,0.1126708984375,-0.82220458984375,-0.482330322265625,-0.5059914290589475,-0.11738095330082154,None
105,6.758,0.1849365234375,-0.8782501220703125,-0.242401123046875,-0.2660567237751653,-0.19892743323063214,None
106,6.808,0.1332244873046875,-0.8543548583984375,-0.6157073974609375,-0.5846623240122042,-0.12550674822923813,None
107,6.858,0.3272247314453125,-0.7774505615234375,-0.62054443359375,-0.6238266705619661,-0.3124825732041516,None
108,6.908,0.3176116943359375,-0.6785430908203125,-0.582611083984375,-0.6514374627313714,-0.33465576075807935,None
109,6.958,0.193267822265625,-0.6220245361328125,-0.5979766845703125,-0.693034141716631,-0.21857463004624425,None
110,7.008,0.0906524658203125,-0.80364990234375,-0.399139404296875,-0.44481768434067287,-0.10051525904904422,None
111,7.058,-0.1988525390625,-0.8173370361328125,-0.5385284423828125,-0.5501915838203573,0.19909208681174864,None
112,7.107,-0.5305633544921875,-1.0200347900390625,-0.5839691162109375,-0.5760032645617595,0.24442497691867585,None
113,7.157,-0.4589996337890625,-0.9008026123046875,-0.6549835205078125,-0.582295874549775,0.25276356194386496,None
114,7.207,-0.3006591796875,-0.7377471923828125,-0.6417083740234375,-0.6562888198627775,0.2939096721689283,None
115,7.257,-0.4193572998046875,-0.835113525390625,-0.5157470703125,-0.5254498539552656,0.39288987879948395,None
116,7.307,-0.3337860107421875,-0.7645721435546875,-0.5405120849609375,-0.5772633579868794,0.3357836574654928,None
117,7.357,-0.48370361328125,-0.7837677001953125,-0.3628997802734375,-0.42016586582843307,0.48862509491544454,None
118,7.406,-0.4906158447265625,-0.7855987548828125,-0.507232666015625,-0.5424249140544039,0.4645945281470042,None
119,7.456,-0.282989501953125,-0.7091522216796875,-0.4425506591796875,-0.5294228914984628,0.32066289204660614,None
120,7.506,-0.2333984375,-0.7422943115234375,-0.3930511474609375,-0.4679544937623019,0.267732555207183,None
121,7.556,-0.26385498046875,-0.74151611328125,-0.63519287109375,-0.6505596820075715,0.2608802210792495,None
122,7.606,-0.213836669921875,-0.713287353515625,-0.5654449462890625,-0.6212154935830554,0.22870127993181677,None
123,7.656,-0.2110443115234375,-0.6068572998046875,-0.8799285888671875,-0.8232084147555262,0.19370100011126168,None
124,7.705,-0.0527191162109375,-0.62554931640625,-0.728118896484375,-0.7585110639570432,0.05483701067416092,None
125,7.755,0.039947509765625,-0.710113525390625,-0.787872314453125,-0.7428118201929692,-0.037636122676574964,None
126,7.805,0.010894775390625,-0.71209716796875,-0.804229736328125,-0.748690101811255,-0.010141866960108954,None
127,7.855,0.025604248046875,-0.725921630859375,-0.784332275390625,-0.733906176604832,-0.023951233086636624,None
128,7.905,0.024658203125,-0.7294769287109375,-0.7578887939453125,-0.7204825954133086,-0.02343474040286069,None
129,7.955,0.1052398681640625,-0.749908447265625,-0.6626434326171875,-0.6621605631871829,-0.10458644374262785,None
130,8.005,0.100311279296875,-0.7157440185546875,-0.7026214599609375,-0.7005347270759935,-0.09951688337903698,None
131,8.054,0.143646240234375,-0.716400146484375,-0.62994384765625,-0.6603393872629503,-0.14889877271737006,None
132,8.104,0.0842132568359375,-0.71270751953125,-0.6769256591796875,-0.6886711261976685,-0.08536174757780085,None
133,8.154,0.00830078125,-0.7249908447265625,-0.701751708984375,-0.6954969969770071,-0.008226518016853717,None
134,8.204,-0.0167083740234375,-0.6893310546875,-0.7364654541015625,-0.7300836973432588,0.016561317864789475,None
135,8.254,-0.0853729248046875,-0.7153167724609375,-0.706695556640625,-0.7028068978896728,0.08459878271159743,None
136,8.304,-0.11260986328125,-0.709808349609375,-0.7152252197265625,-0.7097895236559265,0.11106265401284786,None
137,8.353,-0.1374969482421875,-0.71636962890625,-0.7056884765625,-0.7017758700200416,0.13547404201652047,None
138,8.403,-0.1859130859375,-0.7161712646484375,-0.710906982421875,-0.7044935748096662,0.181186546493432,None
139,8.453,-0.2039794921875,-0.7359466552734375,-0.645477294921875,-0.6593858888573363,0.20399315499471343,None
140,8.503,-0.18304443359375,-0.7223358154296875,-0.6438140869140625,-0.6653665127805085,0.1858754180861505,None
141,8.553,-0.1935272216796875,-0.7368621826171875,-0.65692138671875,-0.665456846923447,0.19237979203404335,None
142,8.603,-0.185089111328125,-0.756317138671875,-0.58660888671875,-0.6128739022028952,0.18985909580804544,None
143,8.652,-0.2293853759765625,-0.75067138671875,-0.6480712890625,-0.6534836598240408,0.22535145571064968,None
144,8.702,-0.0532073974609375,-0.6725311279296875,-0.484954833984375,-0.5848863376356204,0.06403977960860364,None
145,8.752,-0.2483062744140625,-0.6612091064453125,-0.924163818359375,-0.5937700835694136,0.07762830854028606,None
146,8.802,-0.423980712890625,-0.8021392822265625,-0.8467864990234375,-0.5881039809122685,0.0866258556835753,None
147,8.852,-0.1426544189453125,-0.729339599609375,-0.647216796875,-0.6637419903621021,0.1447558861446624,None
148,8.902,-0.138336181640625,-0.70849609375,-0.4693603515625,-0.5522781464289078,0.16066034186358508,None
149,8.951,0.02276611328125,-0.6238555908203125,-0.286102294921875,-0.4168575668138083,-0.03315251230279048,None
150,9.001,-0.2621612548828125,-0.6469268798828125,-0.9653167724609375,-0.48716723115100635,0.0000030936547909136193,None
151,9.051,-0.247711181640625,-0.6968231201171875,-1.0070648193359375,-0.5118092603082156,-0.0007845095610768162,None
152,9.101,-0.177490234375,-0.622894287109375,-1.04705810546875,-0.5207720414591137,-0.015701588226547318,None
153,9.151,-0.3188323974609375,-0.702972412109375,-0.74169921875,-0.725801212851264,0.2978386937887804,None
154,9.201,-0.2313385009765625,-0.684661865234375,-0.62255859375,-0.6727548622509361,0.2425274893887253,None
155,9.251,-0.2916259765625,-0.695831298828125,-0.6575469970703125,-0.6868294293765074,0.2913936885107244,None
156,9.3,-0.199432373046875,-0.62152099609375,-0.7009124755859375,-0.7482103914996231,0.20822386848077076,None
157,9.35,0.025726318359375,-0.635955810546875,-0.36541748046875,-0.4982076590222149,-0.035053528186113216,None
158,9.4,-0.6689605712890625,-0.821685791015625,-0.343902587890625,-0.46571400080324005,-0.019500102478518654,None
159,9.45,-0.587921142578125,-0.8378143310546875,-0.6634979248046875,-0.5217111527491749,-0.02256237854377128,None
160,9.5,-0.7835845947265625,-0.979583740234375,-1.0041656494140625,-0.5255995412413169,-0.027487092859223797,None
161,9.55,-0.6064453125,-0.98211669921875,-0.8295135498046875,-0.4915384612278676,-0.0915657794343396,None
162,9.599,-0.5427703857421875,-0.88861083984375,-0.811309814453125,-0.4504809383031105,-0.14894886736963334,None
163,9.649,-0.2173614501953125,-0.6920166015625,-0.3075408935546875,-0.4061141618145144,0.2758904199526738,None
164,9.699,-0.055084228515625,-0.5339202880859375,0.2263336181640625,0.39028967779887913,0.09456160370853821,None
165,9.749,-0.0377197265625,-0.4976348876953125,0.3929901123046875,0.6197613151800656,0.05938056851268179,None
166,9.799,-0.138427734375,-0.6906585693359375,0.3033599853515625,0.4021501334449187,0.18049328617852262,None
167,9.849,-0.13909912109375,-1.042449951171875,-0.386749267578125,0.3429716174211862,0.1691425115944574,None
168,9.898,-0.198028564453125,-1.377288818359375,-0.80340576171875,0.33065265993557724,0.1613246991967203,None
169,9.948,0.0354156494140625,-1.22467041015625,-0.491485595703125,0.34531071182398915,0.1451159404748074,None
170,9.998,0.361602783203125,-0.6739654541015625,-0.3236846923828125,-0.4329281105929598,-0.4353950213757822,None
171,10.048,0.28021240234375,-0.2915496826171875,-0.0500946044921875,-0.1693403316068599,-0.6876928225326875,None
172,10.098,0.0459747314453125,-0.418487548828125,0.094390869140625,0.2200250582120052,-0.10655692622667946,None
173,10.148,-0.2263946533203125,-0.9417572021484375,-0.223876953125,-0.23127740998680213,0.22773286551573513,None
174,10.197,-0.1746826171875,-1.4008636474609375,-0.9547119140625,-0.3514016580345303,0.22615080190469364,None
175,10.247,0.7487030029296875,-1.8251190185546875,-0.879669189453125,-0.40550938547699567,0.22963995952240246,None
176,10.576,-2.0000457763671875,-0.5407257080078125,-0.2022857666015625,-0.3870507856703357,0.24536205036166764,None
177,10.626,-0.7745361328125,-1.0205230712890625,-1.6716766357421875,-0.33354382609656286,0.2880085149760096,None
178,10.676,-1.6635589599609375,-1.31744384765625,-0.561767578125,-0.2793876564705078,0.30633498146108873,Hook
179,10.726,-1.1178741455078125,-0.8329010009765625,-0.4321746826171875,-0.1879699415250787,0.238078926475072,None
180,10.776,-0.6825714111328125,-0.6789703369140625,0.1527252197265625,0.21945323953319537,0.70021893881325,None
181,10.825,-0.0950927734375,-0.66571044921875,0.1102447509765625,0.16337947757468446,0.13954583095788337,None
182,10.875,0.351806640625,-0.586151123046875,-0.004425048828125,-0.007549115855039257,-0.514609701289257,None
183,10.925,0.2770233154296875,-0.8928375244140625,-0.259521484375,-0.2791182568470021,-0.2855376158549856,None
184,10.975,0.313690185546875,-1.1233673095703125,-0.366455078125,-0.3142181485860116,-0.26856237015012663,None
185,11.025,0.2885589599609375,-1.329071044921875,-0.113800048828125,-0.3348253093202289,-0.24697103418429003,None
186,11.075,0.4275054931640625,-1.1360321044921875,0.005859375,-0.37080069673350907,-0.23757668299480159,None
187,11.125,0.5256500244140625,-0.958099365234375,0.1370391845703125,-0.44674306277108045,-0.25309082664147464,None
188,11.174,0.4312744140625,-0.4564361572265625,-0.186767578125,-0.37870874390933523,-0.6582894558428917,None
189,11.224,0.3162689208984375,-0.4480438232421875,0.11517333984375,0.24896413500994394,-0.5643753612846477,None
190,11.274,-0.0512542724609375,-0.7405548095703125,0.5000762939453125,0.5596279872062955,0.05726377902334077,None
191,11.324,-0.303070068359375,-1.4889068603515625,-0.085052490234375,0.43531999243634945,0.047613712288979065,None
192,11.762,-2.2026519775390625,-0.804901123046875,-1.6890106201171875,0.37923871871444137,0.04265054651738132,None
193,11.812,-1.43890380859375,-0.663787841796875,-1.9361724853515625,0.4017190313879804,0.03284848961610996,Hook
194,11.862,-1.4141387939453125,-0.657379150390625,-1.234039306640625,0.4366210659829398,-0.10871825421037308,None
195,11.912,-0.7961578369140625,-0.24493408203125,-0.7508392333984375,0.47087780758013337,-0.24810300411763445,None
196,11.962,-0.235107421875,-0.4332122802734375,-0.4273223876953125,-0.7022505703598804,0.3604040076419952,None
197,12.012,0.406097412109375,-0.6575469970703125,-0.2607879638671875,-0.36867039121760065,-0.4978787311199015,None
198,12.062,0.7134552001953125,-0.749847412109375,-0.2377777099609375,-0.3022683641615477,-0.6718082435984416,None
199,12.111,0.5214385986328125,-0.8010711669921875,0.3704376220703125,0.41972356252832466,-0.5086692032121516,None
200,12.161,0.3367767333984375,-0.8345794677734375,0.423492431640625,0.45250787654212066,-0.33859525220853454,None
201,12.211,0.434783935546875,-1.032318115234375,0.1298370361328125,0.36942618307320085,-0.27174016197194883,None
202,12.261,0.1719970703125,-1.5598297119140625,-0.531341552734375,0.39437698476952854,-0.2190772940532973,None
203,12.311,0.615631103515625,-1.5150909423828125,-0.180419921875,0.4042261137171661,-0.20873257056316216,None
204,12.361,0.534698486328125,-0.94622802734375,-0.25555419921875,0.41402859235168665,-0.19836443882926594,None
205,12.41,0.3696136474609375,-0.6646575927734375,0.26739501953125,0.3732333585781402,-0.45849019855609646,None
206,12.46,0.2215728759765625,-0.5270843505859375,0.331878662109375,0.5328256147524191,-0.3351568514892847,None
207,12.51,0.2731170654296875,-0.523773193359375,0.260406494140625,0.44518815616649826,-0.4230724721611658,None
208,12.56,0.08697509765625,-1.0505218505859375,0.4359893798828125,0.3344848468368333,-0.37921664025854424,None
209,12.61,0.39837646484375,-1.895477294921875,1.012359619140625,0.21894460310085664,-0.3344914778682248,None
210,13.007,-2.08203125,0.0352630615234375,-2.1897430419921875,0.09392281484209078,-0.33342379996550686,None
211,13.058,-1.3632354736328125,-0.609893798828125,-1.683685302734375,0.0819640994689998,-0.41255464252560753,Hook
212,13.108,-1.393890380859375,-0.4944305419921875,-1.8917236328125,0.2603099809070157,-0.5442105700418168,None
213,13.158,-0.721405029296875,-0.537017822265625,0.2576446533203125,0.4325619936941722,0.7711288806771968,None
214,13.208,0.4811553955078125,-0.2977447509765625,0.1686248779296875,0.49279765525566416,-0.814936297084347,None
215,13.258,0.5366058349609375,-0.7840423583984375,0.3129119873046875,0.37067066819665756,-0.5364497095946348,None
216,13.308,0.3335113525390625,-1.073272705078125,0.3337554931640625,0.28089488938553947,-0.539337629668865,None
217,13.357,0.2614898681640625,-1.06365966796875,-0.37548828125,0.23791906764986365,-0.5400341934637066,None
218,13.407,0.2397918701171875,-1.092681884765625,-0.6600494384765625,0.2169146844424753,-0.5276797010575932,None
219,13.457,0.3500518798828125,-1.1789093017578125,-0.234375,0.195809381926323,-0.5152125601633545,None
220,13.507,0.34075927734375,-1.313262939453125,0.0317535400390625,0.18769589614698726,-0.5055179376678705,None
221,13.557,0.5124969482421875,-0.9861297607421875,-0.177459716796875,0.1870974381133497,-0.5013061368048805,None
222,13.607,0.388397216796875,-0.8667755126953125,-0.10382080078125,-0.11892810693093682,-0.4064968127449502,None
223,13.656,0.3133697509765625,-0.799560546875,0.1282501220703125,0.15837631710182346,-0.3609001147071981,None
224,13.706,0.2433624267578125,-0.813934326171875,0.0261383056640625,0.032096985343953686,-0.28632903492611567,None
225,13.756,0.211517333984375,-0.678497314453125,0.0977783203125,0.14263659895908906,-0.2948399082173327,None
226,13.806,-0.147674560546875,-0.2469024658203125,0.339813232421875,0.809001483298871,0.3316715727688944,None
227,13.856,-0.4438934326171875,-0.3992156982421875,0.9998016357421875,0.6419911973979283,0.39082922059069797,None
228,13.906,-0.3761138916015625,-1.753082275390625,0.5840301513671875,0.5224407182076083,0.5162606013330578,None
229,14.274,-2.9496307373046875,1.038360595703125,0.64715576171875,0.42656822000523803,0.40399893862423664,None
230,14.324,-1.227691650390625,-0.326751708984375,-1.31280517578125,0.37060205618131387,0.39524373983726013,None
231,14.374,-1.5825347900390625,-0.72900390625,-1.550933837890625,0.3439257912421731,0.3618202235321779,Hook
232,14.424,-1.3962860107421875,-0.84222412109375,-1.011993408203125,0.3770597853456328,0.2435252978974731,None
233,14.474,-0.7410125732421875,-0.2496185302734375,-0.4258270263671875,0.33323176025198925,0.06275062315958894,None
234,14.524,0.275146484375,-0.312957763671875,-0.6658477783203125,0.31723806700819807,-0.11839299675465191,None
235,14.574,0.07440185546875,-1.068634033203125,-0.34942626953125,0.3781101630029923,-0.21223947147406763,None
236,14.623,0.75537109375,-1.1405792236328125,-1.0054473876953125,0.3761692719062387,-0.33208056264242974,None
237,14.673,0.9935302734375,-1.0718231201171875,-0.525970458984375,0.4525118939395719,-0.3813429670825712,None
238,14.723,1.1117401123046875,-1.065673828125,0.3918914794921875,0.5905930304756342,-0.3751914359643085,None
239,14.773,0.3784027099609375,-1.2278594970703125,0.3236083984375,0.6352525133224254,-0.30628361773554985,None
240,14.823,0.38250732421875,-1.02374267578125,-0.010223388671875,-0.009985789577138724,-0.3499878449814977,None
241,14.873,0.4112548828125,-0.79388427734375,0.237579345703125,0.28669912178891405,-0.44454746072701623,None
242,14.922,0.6085968017578125,-0.6454620361328125,0.18927001953125,0.2813838890175959,-0.6709241634017037,None
243,14.972,0.3265228271484375,-0.7493133544921875,0.05120849609375,0.06818152930301646,-0.39869993703958617,None
244,15.022,0.46929931640625,-0.8478851318359375,0.1222686767578125,0.14272792473463206,-0.4804551137438953,None
245,15.072,0.4657440185546875,-0.7689056396484375,0.1348114013671875,0.17269468152119608,-0.5123614452574318,None
246,15.122,0.217193603515625,-0.6671142578125,0.4184112548828125,0.5313359448155878,-0.2658839806503883,None
247,15.172,-0.1396026611328125,-0.62811279296875,0.777862548828125,0.7780197925750413,0.13828929105385565,None
248,15.221,-0.2344970703125,-1.0760345458984375,0.78436279296875,0.6046858701964473,0.18872419777727026,None
249,15.62,-2.04437255859375,-0.0501861572265625,-1.1397552490234375,0.5535882740303029,0.22378912584100139,None
250,15.67,-1.414031982421875,-0.7660369873046875,-1.2126312255859375,0.5354283622795311,0.17828357577558282,Hook
251,15.72,-1.39300537109375,-0.7241363525390625,-0.911956787109375,0.5505995792609971,0.12026816739027076,None
252,15.77,-1.5114593505859375,-0.62664794921875,-0.962249755859375,0.5684635729815892,0.0029532904288384946,None
253,15.82,-0.6953277587890625,-0.53240966796875,-0.2218475341796875,-0.38463041230233014,0.7696666923422328,None
254,15.869,-0.0350494384765625,-0.636077880859375,0.2647705078125,0.38429141471948286,0.050805521439375646,None
255,15.919,0.2021331787109375,-0.3818206787109375,-0.8232574462890625,0.2841727493786812,-0.12944456531833123,None
256,15.969,0.5591583251953125,-0.62628173828125,-0.5950164794921875,-0.6887791709082741,-0.5433765224865471,None
257,16.019,0.667938232421875,-0.5755157470703125,-0.936614990234375,-0.7160934620701878,-0.6393128397978597,None
258,16.069,0.783203125,-0.7767791748046875,-0.57696533203125,-0.7081107025638016,-0.6797007466315502,None
259,16.119,0.7223663330078125,-0.8752593994140625,-0.343109130859375,-0.6741095271264613,-0.6992073348465243,None
260,16.168,0.7628936767578125,-0.9468841552734375,-0.501739501953125,-0.6352561442112479,-0.6925823167790011,None
261,16.218,0.513824462890625,-1.069061279296875,-0.3798065185546875,-0.6055688484027999,-0.6673577756981307,None
262,16.268,0.57989501953125,-0.905548095703125,-0.2950592041015625,-0.5691783870107964,-0.6483774221745328,None
263,16.318,0.3911590576171875,-0.760009765625,-0.0598602294921875,-0.07851927627118169,-0.4565046084443437,None
264,16.368,0.297515869140625,-0.690765380859375,-0.1018218994140625,-0.14582868739508753,-0.39199789785021266,None
265,16.418,0.3210601806640625,-0.7401580810546875,-0.0811767578125,-0.10902116722891328,-0.39594738624152676,None
266,16.467,0.440399169921875,-0.9383087158203125,-0.029937744140625,-0.0318898428509403,-0.42470515908321105,None
267,16.517,0.262237548828125,-1.029510498046875,-0.281646728515625,-0.2638769957788801,-0.23859649316673803,None
268,16.567,0.0426788330078125,-0.9920806884765625,-0.030181884765625,-0.030408743381335472,-0.04295992606227449,None
269,16.617,-0.5806121826171875,-0.947418212890625,0.3577117919921875,-0.12886727329532133,-0.013865395526580735,None
270,16.667,-0.7151031494140625,-1.605072021484375,0.6045684814453125,-0.24584900746506333,0.060672590340548165,None
271,17.009,-6.0650634765625,0.912261962890625,2.39776611328125,0.0054112221355968725,0.2044691628433743,None
272,17.066,-1.815032958984375,0.2669677734375,-0.34674072265625,-0.02978004430854678,0.16584887402796847,None
273,17.115,-1.739013671875,-0.674652099609375,-0.867156982421875,-0.0578605145656852,0.1335114404362095,Hook
274,17.165,-1.276702880859375,-0.5765228271484375,-0.929718017578125,-0.12125111797960263,0.008417009867974378,None
275,17.215,-1.008087158203125,-0.5548858642578125,-0.7370758056640625,-0.13551968762687444,-0.1586455186113893,None
276,17.265,-0.8110198974609375,-0.5414276123046875,-0.424407958984375,-0.6169228816090768,0.7625994910459576,None
277,17.315,-0.50341796875,-0.585693359375,-0.5353240966796875,-0.6746545709578929,0.5357213501861696,None
278,17.365,0.1547088623046875,-0.5334625244140625,-0.6243133544921875,-0.7602564749997085,-0.18513949106772984,None
279,17.414,0.4987640380859375,-0.7061920166015625,-0.526031494140625,-0.5973712048662368,-0.4928407298753482,None
280,17.464,0.625457763671875,-0.84521484375,-0.324737548828125,-0.6386840826402286,-0.5602116203024996,None
281,17.514,0.5844573974609375,-0.86883544921875,-0.524383544921875,-0.6803175596691934,-0.5909281218395324,None
282,17.564,0.679595947265625,-0.7484130859375,-0.6199493408203125,-0.7233339743752013,-0.609941320125152,None
283,17.614,0.39312744140625,-0.7222900390625,-0.8000030517578125,-0.7431485437013471,-0.5819598934704563,None
284,17.664,0.3882293701171875,-0.9514923095703125,-0.4328460693359375,-0.7302552938843025,-0.5704589163127007,None
285,17.713,0.2748260498046875,-0.9830169677734375,-0.6087188720703125,-0.7343487058940614,-0.560594185240404,None
286,17.763,0.23504638671875,-0.9773406982421875,-0.4239044189453125,-0.3979157213029254,-0.2154543037331114,None
287,17.813,-0.076019287109375,-1.050994873046875,-0.61395263671875,-0.4437041823088054,-0.2159959134241828,None
288,17.863,0.2626495361328125,-0.74835205078125,-0.70794677734375,-0.6872235163722621,-0.24705757695900046,None
289,17.913,0.324676513671875,-0.6989898681640625,-0.516082763671875,-0.5939727410752909,-0.3500378725464821,None
290,17.963,0.2078094482421875,-0.8347625732421875,-0.5454254150390625,-0.5469817583290777,-0.204019075523846,None
291,18.013,0.14117431640625,-0.8880767822265625,-0.5518951416015625,-0.527828856948984,-0.13380407114205878,None
292,18.062,0.1769561767578125,-0.768951416015625,-0.6000213623046875,-0.6151843014992668,-0.17851377442496758,None
293,18.112,0.048126220703125,-0.828857421875,-0.5036163330078125,-0.5192654912187981,-0.049560694874052236,None
294,18.162,0.173797607421875,-0.72418212890625,-0.4757232666015625,-0.549042587845126,-0.19666630444157465,None
295,18.212,-0.027679443359375,-0.72088623046875,-0.428253173828125,-0.5107388764819186,0.03299280040624668,None
296,18.262,-0.0650482177734375,-0.806732177734375,-0.6193084716796875,-0.6089353777279304,0.06382827565842183,None
297,18.312,0.0668182373046875,-0.83074951171875,-0.5793609619140625,-0.5720277014797517,-0.06582938423217494,None
298,18.361,-0.0045013427734375,-0.7393341064453125,-0.5784759521484375,-0.6162201639648097,0.004794989806769879,None
299,18.411,-0.207916259765625,-0.7040252685546875,-0.6656951904296875,-0.6870502367103625,0.20980985876306374,None
300,18.461,-0.1422882080078125,-0.857391357421875,-0.5048370361328125,-0.5073853414458193,0.14156619947660473,None
301,18.511,-0.271392822265625,-0.871826171875,-0.606689453125,-0.5711924393771597,0.2475602925377033,None
302,18.561,-0.128875732421875,-0.7363739013671875,-0.434173583984375,-0.5078997822214598,0.1490752645278957,None
303,18.611,-0.062713623046875,-0.8288116455078125,-0.6363067626953125,-0.6089645376183263,0.059910996090535046,None
304,18.66,-0.15704345703125,-0.823150634765625,-0.7337646484375,-0.6220541593750377,0.06208447457410607,None
305,18.71,-0.08941650390625,-0.8246612548828125,-0.6161956787109375,-0.5985689857666121,0.08653287719976954,None
306,18.76,-0.084686279296875,-0.7844390869140625,-0.6938018798828125,-0.6625069156274542,0.0806032610217562,None
307,18.81,-0.161407470703125,-0.793792724609375,-0.604827880859375,-0.6060644060449751,0.15966262966900535,None
308,18.86,-0.0944671630859375,-0.772735595703125,-0.600250244140625,-0.6134525114297706,0.09609810828274849,None
309,18.91,-0.09393310546875,-0.814849853515625,-0.518218994140625,-0.5366382679988133,0.09681486566668555,None
310,18.96,-0.1004486083984375,-0.7414703369140625,-0.705047607421875,-0.6890837130130705,0.09770450399095645,None
311,19.009,-0.074859619140625,-0.7701416015625,-0.6118316650390625,-0.6220371492888087,0.07588881916973116,None
312,19.059,-0.1527862548828125,-0.763275146484375,-0.75543212890625,-0.7034457090971379,0.14085360422923424,None
313,19.109,0.0859832763671875,-0.76153564453125,-0.4473114013671875,-0.5064726260644524,-0.09689727295561242,None
314,19.159,-0.229034423828125,-0.84271240234375,-0.85577392578125,-0.5308765510844963,-0.08343248321792576,None
315,19.209,-0.07916259765625,-0.7754974365234375,-0.603302001953125,-0.6140276976026653,0.08030973110795228,None
316,19.259,0.031402587890625,-0.6584930419921875,-0.6939697265625,-0.725405497772546,-0.03280740727632244,None
317,19.308,0.0206146240234375,-0.6958770751953125,-0.5676422119140625,-0.6320953159109997,-0.02294927192309842,None
318,19.358,-0.090576171875,-0.766754150390625,-0.6987152099609375,-0.6735516131701225,0.08698321283591151,None
319,19.408,0.071868896484375,-0.683013916015625,-0.59930419921875,-0.6595430360193949,-0.07884653732567315,None
320,19.458,-0.00396728515625,-0.6168670654296875,-0.7563323974609375,-0.7749357496884342,0.004064834070457482,None
321,19.508,0.1156768798828125,-0.7237091064453125,-0.498260498046875,-0.5670777841033083,-0.13052726738235898,None
322,19.558,0.0197296142578125,-0.607025146484375,-0.920654296875,-0.6147311903859006,-0.12494361664747508,None
323,19.607,0.0998382568359375,-0.5679473876953125,-0.6362457275390625,-0.7460128916863157,-0.11626873135670483,None
324,19.657,-0.2440643310546875,-0.634735107421875,-0.816375732421875,-0.7894570845183343,0.22970565835987986,None
325,19.707,-0.1786651611328125,-0.6110382080078125,-0.7357940673828125,-0.7693120875865337,0.1836275551695023,None
326,19.757,0.073638916015625,-0.454833984375,-1.00927734375,-0.7875868640288166,0.15782938057565576,None
327,19.807,-0.01275634765625,-0.5165863037109375,-0.89617919921875,-0.7658826783547728,0.17135796162260802,None
328,19.857,-0.0771331787109375,-0.583404541015625,-0.788482666015625,-0.8038773054726487,0.078397121751034,None
329,19.907,-0.1539459228515625,-0.617401123046875,-0.345916748046875,-0.48878850439555716,0.21255831704555309,None
330,19.956,0.2030029296875,-0.2158966064453125,-0.82421875,-0.560069005798762,0.2252357214263898,None
331,20.006,-0.489013671875,-0.3328399658203125,-0.7728118896484375,-0.6075872088703511,0.31934817629984064,None
332,20.056,-0.4589080810546875,-0.5693206787109375,-0.9444732666015625,-0.6114668313513404,0.3363661122021679,None
333,20.106,-0.294189453125,-0.5330047607421875,-0.939208984375,-0.639284824549265,0.29017956206879125,None
334,20.156,-0.4388275146484375,-0.4199371337890625,-1.09124755859375,-0.6252208907681566,0.24647771291070333,None
335,20.206,-0.64300537109375,-0.6665496826171875,-0.9332122802734375,-0.6156705890898942,0.22804931769126918,None
336,20.255,-0.324249267578125,-0.6587371826171875,-0.8462677001953125,-0.6232425546571806,0.2009751225850565,None
337,20.305,-0.4513397216796875,-0.755645751953125,-1.0318756103515625,-0.6136371509230822,0.21590552318255832,None
338,20.355,-0.1591949462890625,-0.63671875,-1.0069732666015625,-0.5549090533738336,0.20428665063153648,None
339,20.405,-0.3953857421875,-0.7224884033203125,-0.9223785400390625,-0.46053719488589684,0.23358380207566395,None
340,20.455,-0.0648040771484375,-0.547454833984375,-0.4370880126953125,-0.623932395720092,0.09211294325892908,None
341,20.505,-0.0084991455078125,-0.3474273681640625,-0.1970672607421875,-0.4933759117068187,0.021273572668799572,None
342,20.554,0.09539794921875,0.007232666015625,-0.201507568359375,-0.5279724350247781,-0.031129524876609676,None
343,20.604,0.1911773681640625,0.192535400390625,-0.0194091796875,-0.5947275840811905,-0.07498347096962502,None
344,20.654,0.146820068359375,0.2024688720703125,-0.3444976806640625,-0.7165134276957469,-0.10710637845458057,None
345,20.704,0.3297119140625,0.0555877685546875,-0.979888916015625,-0.8240795697432052,-0.09714819367884674,None
346,20.754,1.1382598876953125,0.1402435302734375,-1.976348876953125,-0.8972258420722624,-0.08488187717009978,None
347,21.012,-5.4277191162109375,1.2129364013671875,0.94189453125,-0.8012394310811558,0.2360680030892493,None
348,21.063,-1.1692962646484375,0.0567626953125,0.9237213134765625,-0.7912168878238116,0.3252584572117909,None
349,21.113,0.2387542724609375,-0.3115997314453125,-1.2934417724609375,-0.8305188162326043,0.37527832785245374,UpperCut
350,21.163,0.3260650634765625,-1.0445404052734375,-0.84954833984375,-0.8216534507725725,0.4325276744541421,None
351,21.212,0.4430694580078125,-1.01934814453125,-0.4370574951171875,-0.8239396722888318,0.477215866039853,None
352,21.262,0.3319244384765625,-0.9676513671875,-0.720123291015625,-0.8091858497554476,0.5296808912572173,None
353,21.312,0.137542724609375,-1.063323974609375,-0.2875823974609375,-0.7819186739495337,0.589999990120917,None
354,21.362,0.1106719970703125,-0.9976806640625,-0.7256317138671875,-0.8125732082771677,0.6163024349888782,None
355,21.412,0.2462310791015625,-0.8492279052734375,-0.922760009765625,-0.8515388787329882,0.6135499586626515,None
356,21.462,0.2458648681640625,-0.7432708740234375,-1.0081787109375,-0.8608476848176861,0.5933871176699888,None
357,21.511,0.284393310546875,-0.734527587890625,-0.675994873046875,-0.6771810309195375,-0.2739902085386433,None
358,21.561,0.22467041015625,-0.843841552734375,-0.652130126953125,-0.6114890355799366,-0.20614401619951184,None
359,21.611,0.2855987548828125,-0.8265533447265625,-0.8451995849609375,-0.60007846007614,-0.2585512325541897,None
360,21.661,0.389617919921875,-0.8135528564453125,-0.7792816162109375,-0.6104771267724526,-0.29413189354961783,None
361,21.711,0.2779541015625,-0.7383270263671875,-0.709564208984375,-0.6929231703847727,-0.26195675993619444,None
362,21.761,0.18487548828125,-0.72918701171875,-0.4678802490234375,-0.5400363820476776,-0.20868852616433278,None
363,21.81,0.37298583984375,-0.6200103759765625,-0.609466552734375,-0.7010169539102501,-0.39426251645636784,None
364,21.86,0.329010009765625,-0.648468017578125,-0.7909393310546875,-0.7733167979760966,-0.3062256762717145,None
365,21.91,0.154876708984375,-0.497802734375,-0.916778564453125,-0.7830978642043387,-0.3137968404240226,None
366,21.96,0.2401580810546875,-0.2588958740234375,-0.383880615234375,-0.7962430725218823,-0.3204471454918427,None
367,22.01,0.345733642578125,-0.017181396484375,-0.0174713134765625,-0.8441516266822996,-0.32501508689521386,None
368,22.06,0.6594696044921875,0.214263916015625,-0.228240966796875,-0.9088244572367445,-0.30779454837612685,None
369,22.109,1.0934295654296875,0.0691986083984375,-0.8420867919921875,-0.9532488382574107,-0.2360167135339873,None
370,22.399,-2.1798095703125,1.087615966796875,1.566986083984375,-0.9256259438009167,-0.19357062447395096,None
371,22.448,0.099151611328125,-0.965423583984375,-1.2666168212890625,-0.9610003975810173,-0.11292476030035287,None
372,22.498,0.6622161865234375,-1.1146697998046875,-1.3607940673828125,-0.9771983527994177,-0.07388282795159876,UpperCut
373,22.548,0.449066162109375,-0.9759674072265625,-0.56005859375,-0.9555344909182562,-0.04067337625270567,None
374,22.598,0.4485321044921875,-0.9739532470703125,-0.361175537109375,-0.9390739215264889,0.012947572671789576,None
375,22.648,0.4762115478515625,-1.1352081298828125,-0.23968505859375,-0.9307368347976048,0.043533745203244975,None
376,22.698,0.5781402587890625,-0.751434326171875,-0.398590087890625,-0.4685963935286908,-0.5621300693570801,None
377,22.747,0.6998291015625,-0.6039886474609375,-0.606903076171875,-0.47973567538660994,-0.5647579200365915,None
378,22.797,0.437286376953125,-0.77838134765625,-0.8390045166015625,-0.5060798011335627,-0.5653177432641338,None
379,22.847,0.5361328125,-0.77215576171875,-1.04083251953125,-0.5067520537341016,-0.5719523342167532,None
380,22.897,0.550567626953125,-0.98199462890625,-0.67938232421875,-0.48668574587103264,-0.6011429101773803,None
381,22.947,0.6889801025390625,-0.7405242919921875,-0.808929443359375,-0.4948219651444411,-0.6421657756583871,None
382,22.997,0.4422149658203125,-0.767547607421875,-0.7799835205078125,-0.4750905191330167,-0.6682118325953952,None
383,23.046,0.39788818359375,-0.52978515625,-0.7451934814453125,-0.8150225771563332,-0.3990269067638055,None
384,23.096,0.4291229248046875,-0.3846588134765625,-0.261016845703125,-0.5614990102359456,-0.6783005775419315,None
385,23.146,0.6931610107421875,-0.4666290283203125,-0.14990234375,-0.3058509555735945,-0.8165094571197066,None
386,23.196,0.706756591796875,-0.6648712158203125,-0.965576171875,-0.2880816004709193,-0.7914883993798869,None
387,23.246,0.5442352294921875,-0.6074371337890625,-0.9291839599609375,-0.2833148232697229,-0.7741206906517808,None
388,23.296,0.2832489013671875,-0.3127593994140625,-0.4529571533203125,-0.8228941231845829,-0.45755674732419643,None
389,23.346,-0.0941314697265625,0.048828125,-0.0654754638671875,-0.854537188016138,-0.43504513785893706,None
390,23.395,0.09283447265625,0.085052490234375,0.251190185546875,-0.9231189242120799,-0.4124931261671426,None
391,23.445,0.6786041259765625,0.2402191162109375,0.022613525390625,-0.9739965300624311,-0.3921752394630111,None
392,23.794,-2.407257080078125,0.2713470458984375,1.0264434814453125,-0.9884359787987176,-0.3007643683074005,None
393,23.874,0.5907440185546875,-0.65582275390625,-2.0272216796875,-0.9975179000105147,-0.28090063515936775,UpperCut
394,23.924,0.7303009033203125,-1.044281005859375,-1.05328369140625,-0.9928306923365123,-0.27320937351062186,None
395,23.974,0.8235931396484375,-1.01104736328125,-1.2910919189453125,-0.9772987131723593,-0.2679021632380648,None
396,24.023,0.772308349609375,-0.7647247314453125,-1.1971893310546875,-0.9695693696789721,-0.2642670384020241,None
397,24.073,0.3104400634765625,-0.77410888671875,-1.4542999267578125,-0.9603512311895918,-0.23981891713733544,None
398,24.123,0.4925079345703125,-0.5925750732421875,-1.3011627197265625,-0.9422126925300534,-0.22294837902279466,None
399,24.173,0.14984130859375,-0.5186767578125,-1.477447509765625,-0.9614884372352837,-0.2435549847441987,None
400,24.223,0.448211669921875,-0.34033203125,-0.968017578125,-0.9790510139177347,-0.24705356782707452,None
401,24.273,0.09539794921875,-0.4910125732421875,-0.8957977294921875,-0.9869570618799102,-0.2409592044047351,None
402,24.322,-0.0080413818359375,-0.5255889892578125,-0.8432159423828125,-0.848640429178775,0.00809284776497751,None
403,24.372,0.108154296875,-0.4129180908203125,-0.8762664794921875,-0.8035301212628513,-0.011590827010010478,None
404,24.422,-0.0035400390625,-0.5331268310546875,-0.6499786376953125,-0.7731835921417034,0.004211024319414921,None
405,24.472,-0.2163848876953125,-0.6829071044921875,-0.6651153564453125,-0.6977133311786291,0.22135904399588283,None
406,24.522,-0.022735595703125,-0.638702392578125,-0.6050872802734375,-0.6877451289632677,0.025832764197844433,None
407,24.572,0.0286102294921875,-0.653167724609375,-0.903350830078125,-0.7103222436246459,0.02000475077380257,None
408,24.621,0.1666717529296875,-0.6419830322265625,-0.848785400390625,-0.7975605670145464,-0.15472694063928108,None
409,24.671,0.16705322265625,-0.74578857421875,-0.56573486328125,-0.604362220833102,-0.175683679092106,None
410,24.721,0.0459442138671875,-0.6959991455078125,-0.7687530517578125,-0.7413147327517132,-0.04426095575495357,None
411,24.771,0.07086181640625,-0.690521240234375,-0.70355224609375,-0.7136852348499321,-0.07169741700488312,None
412,24.821,0.006256103515625,-0.7304840087890625,-0.6467437744140625,-0.6628879933627929,-0.00641213849119916,None
413,24.871,-0.043670654296875,-0.6466064453125,-0.75244140625,-0.758430886959608,0.043975692217923225,None
414,24.921,0.00140380859375,-0.649658203125,-0.7557525634765625,-0.7583285376149355,-0.001408592062182833,None
415,24.97,-0.0794525146484375,-0.744140625,-0.5897979736328125,-0.6211473805175017,0.08338423448894507,None
416,25.02,-0.013763427734375,-0.7935333251953125,-0.5444488525390625,-0.5657486518016311,0.01430041484448425,None
417,25.07,-0.0745391845703125,-0.7150115966796875,-0.4810333251953125,-0.558197082415692,0.0861744410090704,None
418,25.12,-0.089752197265625,-0.7600250244140625,-0.5340423583984375,-0.5749244146063398,0.0961750137301415,None
419,25.17,-0.105865478515625,-0.7093353271484375,-0.7036895751953125,-0.7042759090229845,0.1053639217871301,None
420,25.22,-0.04254150390625,-0.7938232421875,-0.6165924072265625,-0.613428668191782,0.04228536821664959,None
421,25.269,-0.1893310546875,-0.820953369140625,-0.6979522705078125,-0.647724872318162,0.1730550202867829,None
422,25.319,-0.103729248046875,-0.874176025390625,-0.5348663330078125,-0.5219100591661708,0.10070205288675196,None
423,25.369,0.079925537109375,-0.7238616943359375,-0.6572723388671875,-0.6722337975668313,-0.08147312063776825,None
424,25.419,-0.088653564453125,-0.8763885498046875,-0.438751220703125,-0.44766814961238194,0.09008750430947515,None
425,25.469,0.041595458984375,-0.78546142578125,-0.4834136962890625,-0.5241389632252602,-0.045053879232617826,None
426,25.519,0.0115966796875,-0.768768310546875,-0.641571044921875,-0.6407328351567022,-0.011580752028637642,None
427,25.568,0.00616455078125,-0.7555084228515625,-0.5446319580078125,-0.5847755014382386,-0.006618780368411062,None
428,25.618,-0.176544189453125,-0.8137969970703125,-0.7952117919921875,-0.5973528923269613,-0.0060465451184405,None
429,25.668,0.116973876953125,-0.7639923095703125,-0.522735595703125,-0.5646868701524984,-0.12536452349726623,None
430,25.718,-0.0411529541015625,-0.7394256591796875,-0.71337890625,-0.6943177661100859,0.040021277379403884,None
431,25.768,0.0076904296875,-0.725067138671875,-0.6380462646484375,-0.6606204157883937,-0.00796226557879168,None
432,25.818,-0.0208282470703125,-0.718475341796875,-0.6556243896484375,-0.6740591682575368,0.02140898552748571,None
433,25.868,-0.153656005859375,-0.784149169921875,-0.7174072265625,-0.6750104689523704,0.14308768794069454,None
434,25.917,-0.216033935546875,-0.8405303955078125,-0.6826629638671875,-0.6525628043130568,0.1422732696668732,None
435,25.967,-0.0924530029296875,-0.824737548828125,-0.54901123046875,-0.5541314108495081,0.09291158888850895,None
436,26.017,-0.2178192138671875,-0.7661285400390625,-0.59344482421875,-0.6123751501630342,0.219296223725105,None
437,26.067,-0.1360626220703125,-0.7834320068359375,-0.4841766357421875,-0.5257224911387901,0.14615140486967745,None
438,26.117,0.0484466552734375,-0.6704559326171875,-0.5265960693359375,-0.6176832127858285,-0.056735108225332585,None
439,26.167,-0.0743560791015625,-0.7592315673828125,-0.533782958984375,-0.5751394482127863,0.07986115273694597,None
440,26.216,0.00494384765625,-0.769622802734375,-0.4486236572265625,-0.5036004918290754,-0.00554960874523315,None
441,26.266,-0.06146240234375,-0.6907958984375,-0.6519012451171875,-0.6863357282543796,0.06457389409558817,None
442,26.316,-0.1269683837890625,-0.6834564208984375,-0.844635009765625,-0.7773779611701347,0.11606826154587555,None
443,26.366,-0.2177734375,-0.811737060546875,-0.80584716796875,-0.7746108770677166,0.12657440033199124,None
444,26.416,-0.1472320556640625,-0.785125732421875,-0.6113739013671875,-0.6143916898550976,0.14636537658281637,None
445,26.466,-0.2617950439453125,-0.7610931396484375,-0.6570281982421875,-0.6534606252904049,0.25197242809371273,None
446,26.515,-0.2166748046875,-0.6966094970703125,-0.7032012939453125,-0.7104287144698401,0.21383835893984873,None
447,26.565,-0.1278839111328125,-0.61407470703125,-0.7524261474609375,-0.7747372179661112,0.13054904484867547,None
448,26.615,-0.1369781494140625,-0.6461029052734375,-0.5377349853515625,-0.6397039834621916,0.16083154447272102,None
449,26.665,-0.0812835693359375,-0.65313720703125,-0.651031494140625,-0.7059641652340111,0.0878016991410535,None
450,26.715,-0.3233642578125,-0.757781982421875,-0.6472930908203125,-0.6494980218114388,0.30862642422259473,None
451,26.765,-0.1494598388671875,-0.69793701171875,-0.611419677734375,-0.6589469053943919,0.15902787707940377,None
452,26.814,-0.21807861328125,-0.7115936279296875,-0.6969146728515625,-0.6996995782812231,0.21388338653017908,None
453,26.864,-0.2319183349609375,-0.6878509521484375,-0.7298736572265625,-0.727746474614817,0.2252971972483037,None
454,26.914,-0.28082275390625,-0.7615509033203125,-0.5662994384765625,-0.5967149781806322,0.2837438590261497,None
455,26.964,-0.2081298828125,-0.820404052734375,-0.280181884765625,-0.32318921975441495,0.23344410125999773,None
456,27.014,-0.325592041015625,-0.9131011962890625,-0.3456268310546875,-0.35400774776459865,0.31635908364492127,None
457,27.064,-0.256561279296875,-0.8505401611328125,-0.508392333984375,-0.5130615772427256,0.2506522456161054,None
458,27.114,-0.3332061767578125,-0.86285400390625,-0.5214996337890625,-0.5172551504676183,0.3138005900551236,None
459,27.163,-0.2479400634765625,-0.833953857421875,-0.35992431640625,-0.39625773479641924,0.2633344183024631,None
460,27.213,-0.295867919921875,-0.84259033203125,-0.5541534423828125,-0.5494903330683131,0.28151324467516337,None
461,27.263,-0.266021728515625,-0.888580322265625,-0.8219146728515625,-0.5604534940185498,0.2923101687151239,None
462,27.313,-0.3027191162109375,-0.8970947265625,-0.9093780517578125,-0.5358602186606686,0.29007566418007436,None
463,27.363,-0.25390625,-0.7772979736328125,-0.624359130859375,-0.6262354931682224,0.24679199491805232,None
464,27.413,-0.2081756591796875,-0.7108154296875,-0.3683624267578125,-0.4601118674506921,0.25165811785086256,None
465,27.462,-0.3804931640625,-0.771240234375,-0.345001220703125,-0.40833913124277005,0.41062773848801776,None
466,27.512,-0.399505615234375,-0.7323760986328125,-0.47381591796875,-0.5431910754141291,0.4164045546156357,None
467,27.562,-0.1456756591796875,-0.726226806640625,-0.27276611328125,-0.35161054901115607,0.1845581235140303,None
468,27.612,-0.17852783203125,-0.78253173828125,-0.4368743896484375,-0.48746185813509413,0.19536194980253074,None
469,27.662,-0.433837890625,-0.95867919921875,-0.4318695068359375,-0.49216451286154,0.20023006355203898,None
470,27.712,-0.5065460205078125,-0.88800048828125,-0.4359283447265625,-0.5084868836643867,0.19540195007746902,None
471,27.761,-0.5650177001953125,-0.835205078125,-0.1937408447265625,-0.22596807209871822,0.5502626758943057,None
472,27.811,-0.471038818359375,-0.394927978515625,-0.3156890869140625,-0.6243895214658752,0.681659688100225,None
473,27.861,-0.2945709228515625,-0.0930328369140625,-0.5366058349609375,-0.6751762585277153,0.671571880778696,None
474,27.911,-0.1073150634765625,0.04547119140625,-0.83282470703125,-0.7403785729975993,0.6740195483991167,None
475,27.961,0.1658782958984375,-0.102813720703125,-1.1216583251953125,-0.8014084601887936,0.6803377606314436,None
476,28.011,0.1552581787109375,-0.5127410888671875,-1.33892822265625,-0.8389903948281493,0.7080715787886671,None
477,28.061,-0.0370941162109375,-1.1762237548828125,-1.157073974609375,-0.8675226154194511,0.7128769275587361,None
478,28.11,0.262237548828125,-1.2772064208984375,-1.2018280029296875,-0.8899737614240734,0.7314862579907077,None
479,28.16,0.891754150390625,-1.25238037109375,-1.2336273193359375,-0.8943103808807426,0.7834862724438025,None
480,28.21,2.1815338134765625,-1.5755767822265625,-1.511810302734375,-0.8958048775628512,0.86970585879255,None
481,28.379,-2.096832275390625,1.8519287109375,1.1365509033203125,-0.9088940909056504,0.804616765295129,None
482,28.429,-1.3241424560546875,-0.029632568359375,-0.0720672607421875,-0.8904493344164006,0.8600051333845395,None
483,28.479,-0.62109375,-1.141143798828125,-1.403167724609375,-0.9009372419119537,0.9078223644691412,Body
484,28.529,-0.248443603515625,-0.74774169921875,-1.2819976806640625,-0.8946859454111108,0.9218002497737356,None
485,28.579,-0.5416717529296875,-0.921630859375,-0.701202392578125,-0.8642999589599216,0.928670465524531,None
486,28.629,-0.2026214599609375,-0.7362213134765625,-0.826385498046875,-0.8510332114909919,0.9149336595153769,None
487,28.679,-0.18560791015625,-0.7222137451171875,-0.78033447265625,-0.7339098367150275,0.17196500019325803,None
488,28.728,0.1335601806640625,-0.4840545654296875,-0.7986907958984375,-0.855198051007885,-0.1415692031580007,None
489,28.778,0.100555419921875,-0.5482635498046875,-0.777862548828125,-0.8173715815821765,-0.1050778603611919,None
490,28.828,0.166961669921875,-0.5890350341796875,-0.8025665283203125,-0.8061720109211091,-0.165401720470953,None
491,28.878,0.153106689453125,-0.573516845703125,-0.9369049072265625,-0.8071772394839684,-0.21091005371366064,None
492,28.928,0.017425537109375,-0.6740875244140625,-0.860931396484375,-0.7873651042210431,-0.015934507606699993,None
493,28.978,0.1633453369140625,-0.6636199951171875,-0.850616455078125,-0.7884397486465433,-0.14969933510867733,None
494,29.027,0.033782958984375,-0.787200927734375,-0.9498138427734375,-0.8122756930039555,-0.18961800560945094,None
495,29.077,0.2585601806640625,-0.6487579345703125,-0.8644256591796875,-0.8160641725570601,-0.22372515894079673,None
496,29.127,0.012237548828125,-0.702911376953125,-0.69464111328125,-0.7029100444729737,-0.012382273920875512,None
497,29.177,0.123809814453125,-0.48388671875,-0.4753875732421875,-0.7008143272040616,-0.17955361985785584,None
498,29.227,0.1431121826171875,-0.526519775390625,-0.241668701171875,-0.41714982838506054,-0.2398202115189209,None
499,29.277,0.6219329833984375,-0.537200927734375,-0.641571044921875,-0.7667155072442747,-0.5965255388384908,None
500,29.326,1.88787841796875,-1.0087738037109375,-0.9727325439453125,-0.8137740180311083,-0.5045558852792715,None
501,29.606,-2.2287445068359375,0.30279541015625,0.60107421875,-0.8017556858594832,-0.5018266013953377,None
502,29.655,-0.2701416015625,-0.5900115966796875,-1.2015228271484375,-0.8460680598332264,-0.47957382660390135,None
503,29.705,0.012420654296875,-0.7563629150390625,-1.54669189453125,-0.821593629580941,-0.4579651163291034,Body
504,29.755,-0.1166839599609375,-0.9031829833984375,-0.8192138671875,-0.8092785494590923,-0.45002845474299846,None
505,29.805,0.1639251708984375,-0.885345458984375,-0.621185302734375,-0.5743577504026935,-0.14985626916449363,None
506,29.855,0.0173492431640625,-0.89862060546875,-0.869171142578125,-0.576337264339103,-0.1971744385413482,None
507,29.905,0.3950653076171875,-0.801055908203125,-0.75799560546875,-0.621740921823935,-0.20796881266635175,None
508,29.954,0.221954345703125,-0.8458099365234375,-0.937164306640625,-0.6094345031435541,-0.23154457829656097,None
509,30.004,0.131256103515625,-0.8676910400390625,-0.73712158203125,-0.6722968384692282,-0.23997341524003174,None
510,30.054,-0.0905609130859375,-0.804962158203125,-1.2091522216796875,-0.7062270492341148,-0.27310257801685095,None
511,30.104,-0.1287384033203125,-0.88616943359375,-1.049346923828125,-0.7386075807552448,-0.30591087656184884,None
512,30.154,0.06463623046875,-0.7135009765625,-0.8792724609375,-0.7530554784829768,-0.3730400860864012,None
513,30.204,0.1597747802734375,-0.6072235107421875,-0.72027587890625,-0.7645578492129904,-0.16720989257233365,None
514,30.254,0.237762451171875,-0.666229248046875,-0.478118896484375,-0.583046206659694,-0.2784725951395586,None
515,30.303,0.2022552490234375,-0.6432342529296875,-0.5908050537109375,-0.676454513312532,-0.22560599110659188,None
516,30.353,-0.3157501220703125,-0.7477569580078125,-0.8924713134765625,-0.7071682269615243,-0.1958936093012588,None
517,30.403,-0.249755859375,-0.458343505859375,-0.903594970703125,-0.7362246117136154,-0.16330028777313416,None
518,30.453,-0.0296478271484375,-0.3571624755859375,-0.3802642822265625,-0.728901145178259,0.05673823139077142,None
519,30.503,-0.12261962890625,-0.4781494140625,-0.196929931640625,-0.3808240093215135,0.23072462496972146,None
520,30.553,0.0739898681640625,-0.4312591552734375,-0.537445068359375,-0.7799454838343639,-0.10676113315483854,None
521,30.602,0.5675811767578125,-0.5143585205078125,-0.9789581298828125,-0.817215280598834,-0.055150684464223367,None
522,30.652,1.3023529052734375,-1.1262054443359375,-1.519317626953125,-0.8501436246896704,0.05453862797026732,None
523,30.911,-2.212066650390625,0.9012908935546875,1.334442138671875,-0.8756417286061555,0.015335045681449574,None
524,30.961,-0.42596435546875,-0.2250823974609375,-1.192352294921875,-0.8890149891829083,0.11168788757558565,None
525,31.011,-0.2869415283203125,-0.9488983154296875,-0.9827880859375,-0.912125187924894,0.18741234813009378,None
526,31.061,-0.2996673583984375,-0.711822509765625,-0.885101318359375,-0.8898447078579174,0.2736055088798213,Body
527,31.111,-0.5975494384765625,-1.3116607666015625,-0.766326904296875,-0.8921824170720649,0.3096825110514072,None
528,31.161,-0.2016448974609375,-1.117340087890625,-1.6038970947265625,-0.9054870945312041,0.2979642554216436,None
529,31.21,0.09814453125,-1.048828125,-1.19891357421875,-0.8993269837582917,0.28209362525156473,None
530,31.26,0.23138427734375,-0.906585693359375,-0.748291015625,-0.9071358892216415,0.2502696826619302,None
531,31.31,0.2763671875,-0.669036865234375,-0.5437774658203125,-0.6307218779526435,-0.3052554968734589,None
532,31.36,0.3184814453125,-0.6507415771484375,-0.4332122802734375,-0.5541550554113623,-0.37728627358727607,None
533,31.41,0.3050537109375,-0.89471435546875,-0.5381011962890625,-0.5153917068933137,-0.28045365175116294,None
534,31.46,0.0836334228515625,-1.01202392578125,-1.1856842041015625,-0.5644865710994564,-0.30163363782519365,None
535,31.51,0.2938385009765625,-0.7145233154296875,-0.57464599609375,-0.6267061461399271,-0.30517207290049253,None
536,31.559,0.269287109375,-0.3199462890625,-0.1891326904296875,-0.5088759205361313,-0.5867220506629716,None
537,31.609,0.2127685546875,-0.2877197265625,-0.15008544921875,-0.4624952995524739,-0.5483093007080696,None
538,31.659,-0.023223876953125,-0.4891510009765625,-0.46942138671875,-0.6924062580842901,0.034235617971424666,None
539,31.709,0.3512725830078125,-0.901763916015625,-0.620086669921875,-0.7747948574695529,0.004585212464662014,None
540,31.759,1.5176544189453125,-1.1532135009765625,-1.219268798828125,-0.81765590628417,0.0710738160686679,None
541,32.028,-2.2936553955078125,0.4373016357421875,-0.6806182861328125,-0.8183110493243538,0.0856699240809212,None
542,32.078,-1.6833343505859375,-0.298828125,-1.36077880859375,-0.8303194439323518,0.14294702846275062,None
543,32.128,-0.835601806640625,-0.87506103515625,-1.506683349609375,-0.8701186574227118,0.1684559996353951,Body
544,32.177,-0.583465576171875,-0.98858642578125,-1.267059326171875,-0.8793706181445162,0.13530191723649096,None
545,32.227,0.054351806640625,-0.705352783203125,-1.3295440673828125,-0.9173994632431131,0.03464601012378691,None
546,32.277,0.294708251953125,-0.493865966796875,-1.3038177490234375,-0.9411854097176265,-0.08821958699305438,None
547,32.327,0.2292327880859375,-0.5008697509765625,-0.8871307373046875,-0.9401128917841566,-0.19191245878385854,None
548,32.377,0.183258056640625,-0.5467071533203125,-0.5317840576171875,-0.6972557901392448,-0.23363152206849,None
549,32.427,0.4581756591796875,-0.4086761474609375,-0.57684326171875,-0.7400226453035877,-0.36230451998593166,None
550,32.476,0.1830291748046875,-0.901947021484375,-0.7598876953125,-0.7660533234288149,-0.4217935592147827,None
551,32.526,0.1382904052734375,-0.6544189453125,-1.2891387939453125,-0.8122142912489526,-0.4780489527981308,None
552,32.576,0.249359130859375,-0.3118743896484375,-0.7320709228515625,-0.8546770494761344,-0.4925520443364292,None
553,32.626,0.1420745849609375,-0.179168701171875,0.1732635498046875,0.6951613337098195,-0.49522020521498356,None
554,32.676,0.2533111572265625,0.0993804931640625,0.1824798583984375,0.5963288461719821,-0.4920959245527597,None
555,32.726,0.5796356201171875,-0.1180572509765625,-0.1956329345703125,0.4678057835723966,-0.4810160624095679,None
556,32.775,1.4579620361328125,-0.82574462890625,-2.135498046875,0.30525705393241453,-0.4390948739369405,None
557,33.018,-2.2247772216796875,1.0102691650390625,0.968505859375,0.29951875631251046,-0.42976569679585064,None
558,33.075,-0.872222900390625,-0.572418212890625,-1.74774169921875,0.24447568286606405,-0.3242514593008509,None
559,33.124,-0.6037139892578125,-1.2542877197265625,-1.7476806640625,0.1879199156930021,-0.21797157254425167,Body
560,33.174,-0.3684234619140625,-1.2087860107421875,-0.9801025390625,0.22668092545250268,-0.183209687352436,None
561,33.224,0.1179046630859375,-0.7497711181640625,-0.98248291015625,0.22178695489498287,-0.222472989189884,None
562,33.274,0.3711395263671875,-0.5495452880859375,-1.0211181640625,0.2273329648981862,-0.277585612251733,None
563,33.324,0.3155517578125,-0.6741180419921875,-0.95123291015625,0.27075775386716894,-0.3117420980187801,None
564,33.374,0.284576416015625,-0.8603973388671875,-0.9105377197265625,0.29006408226838504,-0.341668011341973,None
565,33.423,0.3771209716796875,-0.719085693359375,-0.915283203125,0.2992367291081028,-0.3758906829353663,None
566,33.473,0.505584716796875,-0.5597076416015625,-0.7792816162109375,-0.8122134080147025,-0.46618595596970425,None
567,33.523,0.3315582275390625,-0.4724273681640625,-0.7278289794921875,-0.838791778403323,-0.35693675972916616,None
568,33.573,0.1450347900390625,-0.345001220703125,-0.55975341796875,-0.8512931865987231,-0.21539652981530413,None
569,33.623,0.29803466796875,-0.012054443359375,-0.13787841796875,-0.9031435233406586,-0.23076897465795754,None
570,33.673,0.1253814697265625,-0.3086090087890625,0.0717010498046875,0.226308416308559,-0.36797239385421937,None
571,33.722,0.415069580078125,-0.301361083984375,-0.969635009765625,0.08640664351258742,-0.3654109735725548,None
572,33.955,-6.4351348876953125,3.2042236328125,-7.5872039794921875,0.2974792309378687,-0.2474022977460248,None
573,34.031,-2.719635009765625,1.1681365966796875,1.65240478515625,0.4224192649045997,-0.20234561606782625,None
574,34.081,-1.1464385986328125,-0.1554107666015625,-1.08062744140625,0.3646046315556752,-0.18455263493559582,None
575,34.131,-0.5036468505859375,-0.9598236083984375,-1.2201995849609375,0.25948392628330336,-0.09004306416850696,Body
576,34.181,-0.16131591796875,-1.1078643798828125,-1.1930999755859375,0.16189588329036667,-0.04680777992363408,None
577,34.231,0.2765655517578125,-0.9433746337890625,-1.4649658203125,0.11963070849088388,-0.07088208099540463,None
578,34.281,0.5013427734375,-0.97772216796875,-1.1973724365234375,0.044159608777852265,-0.10761178782814494,None
579,34.331,0.68182373046875,-0.8396759033203125,-1.079833984375,0.016727400461878456,-0.16442614532980593,None
580,34.38,0.6201934814453125,-0.9091644287109375,-0.925628662109375,-0.0026787904807571037,-0.20487800577568735,None
581,34.43,0.452972412109375,-0.5366973876953125,-1.4195098876953125,-0.02483930497152288,-0.26085291142315437,None
582,34.48,0.3364105224609375,-0.625885009765625,-0.7003173828125,-0.7456193469876914,-0.33719566569830517,None
583,34.53,0.2048187255859375,-0.332183837890625,-0.5537109375,-0.7204978805373432,-0.3900425968032044,None
584,34.58,0.2892303466796875,-0.0487518310546875,-0.6190185546875,-0.7459091308751157,-0.4608677930904246,None
585,34.63,0.2191619873046875,-0.06927490234375,-0.4160614013671875,-0.7625637550827165,-0.4952566532613474,None
586,34.679,0.24407958984375,-0.0510711669921875,-0.458831787109375,-0.7917075798949741,-0.5160789781950975,None
587,34.729,0.8893585205078125,-0.1469573974609375,-0.5404510498046875,-0.8477497541939647,-0.5155602398050684,None
588,34.779,1.6799774169921875,-1.157257080078125,-0.5176239013671875,-0.8950597541142373,-0.45538787730314667,None
589,35.068,-1.9495849609375,0.728240966796875,1.0389404296875,-0.8681105680665432,-0.4519073977786847,None
590,35.118,-0.55926513671875,-0.4767303466796875,-1.192474365234375,-0.8870480266795361,-0.3968057912531353,None
591,35.168,-0.052825927734375,-0.98040771484375,-1.35443115234375,-0.9253853169315709,-0.31523192229252,None
592,35.218,0.207763671875,-0.868865966796875,-0.7204437255859375,-0.926509199883305,-0.26709811149339885,Body
593,35.268,-0.0564117431640625,-0.9490966796875,-0.459381103515625,-0.43566910490084315,0.05342352207866279,None
594,35.317,-0.1047515869140625,-0.655181884765625,-1.0717620849609375,-0.5487478749078821,0.06671608548905442,None
595,35.367,0.081146240234375,-0.4867095947265625,-0.9738311767578125,-0.6638733786130261,0.048023737926148675,None
596,35.417,-0.19256591796875,-0.5053863525390625,-1.76507568359375,-0.7472716920383531,0.05971083098771829,None
597,35.467,0.1133880615234375,-0.76141357421875,-1.1708984375,-0.7671266544791416,0.030718860931144298,None
598,35.517,0.1491851806640625,-0.5878143310546875,-2.0151519775390625,-0.8134252862000971,-0.03465449869630908,None
599,35.567,0.4754486083984375,-0.4537200927734375,-1.544891357421875,-0.8028679478248446,-0.10414346735747566,None
600,35.616,0.1085205078125,-0.6274566650390625,-1.0399169921875,-0.7672748859505074,-0.1395978246609162,None
601,35.666,0.36285400390625,-0.469024658203125,-0.580322265625,-0.7777427592605649,-0.43732553520851325,None
602,35.716,0.4070587158203125,-0.3616790771484375,-0.7755279541015625,-0.7699939615186984,-0.47591637810350357,None
603,35.766,0.23846435546875,-0.692413330078125,-0.647247314453125,-0.6828790220171637,-0.2439885067793039,None
604,35.816,0.31072998046875,-0.4051971435546875,-0.7332611083984375,-0.6714676778362153,-0.2551349490849847,None
605,35.866,0.404327392578125,-0.470306396484375,-0.7540283203125,-0.6530222547278169,-0.2773142526897692,None
606,35.915,0.1043701171875,-0.6261138916015625,-0.67901611328125,-0.7351649979677494,-0.11228601819887148,None
607,35.965,0.1993560791015625,-0.5882415771484375,-0.6404266357421875,-0.7364756505458969,-0.2234577995971916,None
608,36.015,0.073333740234375,-0.6474151611328125,-0.533660888671875,-0.6360590699080405,-0.08707295685353364,None
609,36.065,0.2963714599609375,-0.4294281005859375,-0.6823883056640625,-0.6705898318246268,-0.11404846452608913,None
610,36.115,-0.059417724609375,-0.68634033203125,-0.3255462646484375,-0.4285568777443712,0.07798072473851499,None
611,36.165,0.218048095703125,-0.260986328125,-1.28619384765625,-0.4947116336620201,0.028819037172352846,None
612,36.215,-0.2065887451171875,-0.30511474609375,-1.0597686767578125,-0.46215922870830317,0.06317530930235521,None
613,36.264,-0.108123779296875,-0.3155517578125,-1.047515869140625,-0.4221298122601406,0.07924953841454548,None
614,36.314,-0.0894622802734375,-0.4227294921875,-0.87420654296875,-0.3672712161672818,0.12605549585222453,None
615,36.364,-0.4218597412109375,-0.715850830078125,-0.9603729248046875,-0.3023507511246751,0.2066497702213141,None
616,36.414,-0.210205078125,-0.7930450439453125,-0.555267333984375,-0.5735564857106203,0.2121846127883608,None
617,36.464,-0.323455810546875,-0.74713134765625,-0.56561279296875,-0.6035892928594158,0.32628277740558287,None
618,36.514,-0.1370391845703125,-0.6026611328125,-0.5644683837890625,-0.6836017441755249,0.16372244872154676,None
619,36.563,-0.3831939697265625,-0.687103271484375,-0.6343536376953125,-0.6783404154504219,0.3791671624281239,None
620,36.613,-0.113067626953125,-0.6470489501953125,-0.6011505126953125,-0.6806452357884616,0.1269830903826354,None
621,36.663,-0.245147705078125,-0.696929931640625,-0.6995086669921875,-0.708411353060158,0.2409529517266798,None
622,36.713,-0.025390625,-0.6570892333984375,-0.673583984375,-0.7158169385560608,0.026972771365132802,None
623,36.763,-0.081634521484375,-0.76446533203125,-0.83367919921875,-0.7286545248951927,0.031127516101739926,None
624,36.813,-0.0225982666015625,-0.7069244384765625,-0.6806182861328125,-0.6935762443646278,0.02302240021402132,None
625,36.862,0.0376739501953125,-0.6191558837890625,-1.0808563232421875,-0.7225898465940774,0.0063990490181862515,None
626,36.912,0.22357177734375,-0.5705108642578125,-0.669189453125,-0.7609846157384194,-0.2464011886132785,None
627,36.962,-0.0511016845703125,-0.6354827880859375,-0.919921875,-0.7635471782060504,-0.21330215022863214,None
628,37.012,-0.0282745361328125,-0.665130615234375,-0.7644805908203125,-0.7544271957145616,0.027891852758456792,None
629,37.062,-0.14337158203125,-0.651580810546875,-0.8749542236328125,-0.7495594678515487,0.01912651227757421,None
630,37.112,0.0400390625,-0.653076171875,-0.669158935546875,-0.7156546072834504,-0.04278192113494854,None
631,37.161,-0.075927734375,-0.69952392578125,-0.686798095703125,-0.7005863334592458,0.07722079769961895,None
632,37.211,0.0547637939453125,-0.6982269287109375,-0.670318603515625,-0.692542985466978,-0.05648913962538714,None
633,37.261,-0.1324920654296875,-0.726165771484375,-0.97772216796875,-0.6828102541292216,-0.059055993300410045,None
634,37.311,-0.1044921875,-0.8196868896484375,-0.61669921875,-0.6012060136009836,0.10134259840671658,None
635,37.361,-0.2754974365234375,-0.8461151123046875,-0.45367431640625,-0.4725437862309666,0.2758244815720864,None
636,37.411,-0.3566436767578125,-0.7886199951171875,-0.41204833984375,-0.4630910461703615,0.3720492149341575,None
637,37.461,-0.24407958984375,-0.58056640625,-0.165618896484375,-0.2743272073286887,0.37481492830783775,None
638,37.51,-0.3640289306640625,-0.557891845703125,0.149200439453125,0.25835657880813917,0.5332527313949972,None
639,37.56,0.0910797119140625,-0.818267822265625,-0.1443023681640625,-0.17367114133358105,-0.10896379179116279,None
640,37.61,-0.6554412841796875,-1.3933258056640625,-1.5121612548828125,-0.2880704260286414,-0.060740663177688434,None
641,37.66,-0.056427001953125,-1.22430419921875,-1.076934814453125,-0.24594150925047467,-0.12432049072312813,None
642,37.71,0.2029571533203125,-0.9173431396484375,-0.295013427734375,-0.3061532110192765,-0.20609907570784006,None
643,37.76,0.5009918212890625,-0.381103515625,-0.18365478515625,-0.43412358367727716,-0.7640393257139866,None
644,37.809,0.5116729736328125,-0.104248046875,0.0446624755859375,-0.3708058675369524,-0.78267485374649,None
645,37.859,0.0590972900390625,-0.34893798828125,-0.006805419921875,-0.019499527737255922,-0.16695447201567282,None
646,37.909,-0.2156982421875,-1.3154449462890625,-0.8895416259765625,-0.05582383886496498,-0.09145770055344264,None
647,38.019,1.015380859375,-2.040069580078125,-0.624786376953125,0.20307295853551205,-0.12512465638421177,None
648,38.248,-2.506317138671875,-0.5169830322265625,-1.228759765625,-0.032357915917523884,-0.17037365656070905,None
649,38.338,-2.6438751220703125,0.2753448486328125,1.7004241943359375,-0.2586364655489397,-0.30655762148544824,Straight
650,38.388,-0.6069488525390625,-0.107940673828125,0.90948486328125,-0.3843855353986403,-0.4049965160968919,None
651,38.437,0.1156463623046875,-0.3952789306640625,1.0403900146484375,-0.6853221637504663,-0.4742422135468427,None
652,38.487,0.79644775390625,-0.41912841796875,-0.2076416015625,-0.8125619712594182,-0.5488487196964428,None
653,38.537,0.669158935546875,-1.0137939453125,1.094970703125,-0.8967536296301749,-0.5496781406074486,None
654,38.587,0.50048828125,-0.8330078125,-0.08209228515625,-0.09807414302146988,-0.5131851093971392,None
655,38.637,0.5366973876953125,-1.0736236572265625,-0.0590667724609375,-0.12585343941004218,-0.5471944297651935,None
656,38.687,0.3914794921875,-1.0553741455078125,-0.4887847900390625,-0.1799111684647429,-0.544133189127837,None
657,38.736,0.1793670654296875,-1.1826934814453125,-0.800323486328125,-0.03183387864523783,-0.5473962683040196,None
658,38.786,0.6988067626953125,-0.7389373779296875,-0.1939239501953125,-0.2538404358036991,-0.6749422679409742,None
659,38.836,0.8970184326171875,-0.1566009521484375,0.3131866455078125,-0.14346413789122955,-0.6648571921534837,None
660,38.886,0.66094970703125,-0.048583984375,0.4152679443359375,-0.21221409918163694,-0.6395068324235862,None
661,38.936,0.4881134033203125,-0.7270050048828125,-0.078094482421875,-0.10680501549938608,-0.5552159935416714,None
662,39.045,0.9034576416015625,-2.3289031982421875,-0.613555908203125,-0.08710488142685782,-0.6669179733058537,None
663,39.095,2.1140289306640625,-0.3358001708984375,0.662567138671875,0.2787496336264615,-0.7610968172001591,None
664,39.285,-3.24066162109375,-2.413177490234375,-1.0476837158203125,0.3486167088741403,-0.7857111033454423,None
665,39.335,-0.5708770751953125,2.1179656982421875,-0.139556884765625,0.23312168500825017,-0.8864689420041516,None
666,39.414,-2.0924224853515625,0.2581939697265625,1.6135711669921875,0.2584790248328069,-0.912899666845126,Straight
667,39.464,-0.5771331787109375,0.3738250732421875,1.0932159423828125,0.034725342744688616,-0.967597824603415,None
668,39.514,-0.0352935791015625,-0.4893646240234375,0.3710479736328125,0.6041857984164769,0.05737466398317626,None
669,39.564,0.7954864501953125,-0.892303466796875,0.056488037109375,0.31979307370147336,-0.025075648359818906,None
670,39.614,1.2476959228515625,-1.6204833984375,0.1996307373046875,0.16155160827127923,-0.12059714564826574,None
671,39.664,1.0154876708984375,-1.3108978271484375,0.53851318359375,0.2577787346622293,-0.19893117399096882,None
672,39.713,0.63104248046875,-0.9136199951171875,0.155670166015625,0.32396602849230144,-0.2266343873204698,None
673,39.763,1.1005401611328125,-0.253753662109375,0.793243408203125,0.4711745716584127,-0.25935183512347787,None
674,39.813,0.4839935302734375,-0.7401275634765625,0.275299072265625,0.3486255559799629,-0.5225639132866049,None
675,39.863,0.5102996826171875,-0.4095306396484375,-0.0274200439453125,-0.06680522990748482,-0.7792215605301323,None
676,39.913,1.16961669921875,0.3922119140625,0.388885498046875,-0.0554871286383824,-0.8037548749463502,None
677,39.963,0.877227783203125,0.2704620361328125,0.27410888671875,-0.11789768830597809,-0.7804880206787346,None
678,40.082,1.4421844482421875,-2.0179595947265625,0.4795379638671875,-0.17983239505429224,-0.8911359705937708,None
679,40.391,-2.886322021484375,0.73797607421875,-0.827392578125,-0.2134210219831164,-0.9918700520459829,None
680,40.441,0.0522613525390625,-0.03338623046875,1.1610107421875,-0.2194132741347118,-0.9990531490447795,Straight
681,40.491,1.655517578125,-0.121490478515625,1.07977294921875,-0.31973808598801295,-0.9874002060586718,None
682,40.541,0.9794921875,-0.435302734375,1.259185791015625,-0.5821428147811479,-0.9792593961681156,None
683,40.591,1.8433380126953125,-0.0788116455078125,-1.5889129638671875,-0.8261660482873594,-0.9500682865649038,None
684,40.64,0.891326904296875,-0.8060302734375,0.7308502197265625,-0.6151065561727082,-0.9723430680220044,None
685,40.69,0.54071044921875,-0.841156005859375,0.7468719482421875,-0.5488216113348017,-0.9770310276839601,None
686,40.74,1.13592529296875,-0.6392822265625,0.31365966796875,-0.5280202171645949,-0.9774115540992475,None
687,40.79,1.011322021484375,-1.0570526123046875,0.5703277587890625,-0.415427314339819,-0.9751599932503934,None
688,40.84,0.571868896484375,-0.9982757568359375,0.254608154296875,-0.3695707661889034,-0.9781324921791086,None
689,40.89,0.6331024169921875,-0.4202728271484375,0.3078765869140625,0.5909598105839364,-0.7721703414396653,None
690,40.939,0.77874755859375,0.0103759765625,0.09423828125,0.582338356485475,-0.7836909649293351,None
691,40.989,0.484222412109375,-0.0692901611328125,0.1514892578125,0.5710172953028193,-0.7627596291038689,None
692,41.039,0.28314208984375,-0.2082366943359375,0.0745391845703125,0.3370137182199889,-0.7880638506126789,None
693,41.089,0.07861328125,-0.4040985107421875,0.3242034912109375,0.625782756167964,-0.15002328111141602,None
694,41.139,0.28167724609375,-0.9925689697265625,0.9396514892578125,0.6419148237201433,-0.08469745773373592,None
695,41.189,0.6309967041015625,-2.0411529541015625,1.30120849609375,0.6294103112470709,-0.015322198764191426,None
696,41.248,-0.3991851806640625,-2.12164306640625,1.3933563232421875,0.6766127670770122,0.017940160900945294,None
697,41.298,-0.128021240234375,-0.649566650390625,1.106689453125,0.7121107461343292,-0.05807264089066163,None
698,41.348,0.26666259765625,0.162353515625,0.0349578857421875,0.6683062964947797,-0.1630122747575421,None
699,41.398,0.151336669921875,0.32635498046875,0.1051788330078125,0.683991859604463,-0.22536626324489994,None
700,41.448,0.0931243896484375,0.1215057373046875,0.226318359375,0.693300075302984,-0.24330004246577358,None
701,41.498,0.313262939453125,-0.15631103515625,0.3894805908203125,0.6962896194094841,-0.2479523305111698,None
702,41.548,1.1975860595703125,-0.6082916259765625,0.8549652099609375,0.6906036963492366,-0.2510457400195071,None
703,41.637,0.49310302734375,-2.1024627685546875,1.7440338134765625,0.6836848834800573,-0.2543148622697093,None
704,41.687,0.6359100341796875,-0.6703643798828125,0.31976318359375,0.43052840117430835,-0.65037305059106,None
705,41.737,0.7323760986328125,0.2588043212890625,0.1482696533203125,0.43288392252997293,-0.6709812323003731,None
706,41.787,0.3385009765625,0.5457000732421875,-0.02996826171875,0.3970253619914976,-0.6327155167035464,None
707,41.837,0.41278076171875,0.4145965576171875,-0.0856475830078125,0.36156065730689263,-0.5848204855806302,None
708,41.886,-0.1930999755859375,-2.038787841796875,0.16827392578125,0.2542171204908769,-0.5116532078119116,None
709,41.96,2.698394775390625,-3.30780029296875,0.640594482421875,0.16256926028259613,-0.6135793863396285,None
710,42.255,-2.1302642822265625,0.489837646484375,1.029754638671875,0.007133832390572249,-0.8778218751552476,None
711,42.305,0.630340576171875,-0.4190521240234375,0.3925323486328125,-0.16540329190928427,-0.9468565743471598,Straight
712,42.355,1.767913818359375,-0.368194580078125,0.8120269775390625,-0.37575787472665956,-0.9692559039967183,None
713,42.405,1.2920684814453125,-0.7674407958984375,0.2275543212890625,-0.47553477145809214,-0.9728353609615447,None
714,42.455,1.476959228515625,-0.0869598388671875,0.10089111328125,-0.5840191054847235,-0.9753336797073107,None
715,42.504,0.1983795166015625,-0.741729736328125,0.873687744140625,-0.4756908390851053,-0.9478496359932179,None
716,42.554,0.3358917236328125,-1.0360260009765625,0.0589752197265625,0.056832453807820836,-0.3079565738240196,None
717,42.604,1.4384765625,-1.0665283203125,0.8948516845703125,0.15920024960544915,-0.34248270575030354,None
718,42.654,1.1768341064453125,-1.2046356201171875,0.72216796875,0.21358629938568158,-0.35694460818956414,None
719,42.704,0.86114501953125,-0.445220947265625,0.3980865478515625,0.14167268303612193,-0.3497549434392896,None
720,42.754,0.5142822265625,-0.0823822021484375,0.0140380859375,0.05874154781129884,-0.3641126191971522,None
721,42.804,0.4715728759765625,-0.0462188720703125,0.1107635498046875,-0.04001032652045527,-0.3449425845382268,None
722,42.853,0.25518798828125,-0.15338134765625,-0.06268310546875,-0.3783029300139107,-0.8387088246074107,None
723,42.903,0.18212890625,-0.1789093017578125,0.2236175537109375,0.7808428177104978,-0.5366390352846095,None
724,42.953,0.3753204345703125,-0.3163909912109375,0.320068359375,0.7111804689993517,-0.6404632240370044,None
725,43.003,-0.1748199462890625,-1.5061492919921875,0.8754425048828125,0.7280260860885748,-0.5437966401212538,None
726,43.103,-1.3706207275390625,-2.258026123046875,1.602996826171875,0.7632537605491247,-0.5614318733700093,None
727,43.152,-0.507232666015625,-0.712127685546875,0.8074798583984375,0.7994177808661194,-0.693870562638883,None
728,43.202,-0.0940399169921875,-0.039886474609375,-0.3125457763671875,0.8038261646671871,-0.8052809571337873,None
729,43.252,0.06060791015625,0.0247039794921875,0.2901611328125,0.8584261983025818,-0.8862714321744026,None
730,43.302,0.7938232421875,0.2659912109375,0.543548583984375,0.899166584584889,-0.9387329066534904,None
731,43.352,0.918060302734375,0.10211181640625,0.8031158447265625,0.9299469544728238,-0.9593535551664806,None
732,43.402,0.77325439453125,-0.6639556884765625,0.6777801513671875,0.9386854635050063,-0.948557818888264,None
733,43.451,0.4913330078125,-0.58575439453125,0.1786956787109375,0.2917931208884875,-0.6257884564851637,None
734,43.501,0.4268798828125,0.17132568359375,0.0987396240234375,0.24108817693858903,-0.606256550292652,None
735,43.551,0.83636474609375,0.6220550537109375,0.03369140625,0.11200540635812024,-0.5841585242226216,None
736,43.601,0.057769775390625,-1.7074432373046875,0.3529815673828125,-0.0035019280989589114,-0.4950696472298092,None
737,44.01,-1.7571258544921875,0.3895416259765625,2.0936431884765625,0.017784998922895354,-0.6989867979740407,Straight
738,44.06,0.846405029296875,0.8504486083984375,1.2126312255859375,-0.2206957115012539,-0.7949350863507183,None
739,44.109,1.369415283203125,-0.1292266845703125,0.0789642333984375,-0.2827427983562438,-0.802095792178236,None
740,44.159,1.3566741943359375,-0.63336181640625,1.4686279296875,-0.4343893853485589,-0.7809663960464678,None
741,44.209,1.108428955078125,-0.5629730224609375,0.166259765625,-0.44072444296598945,-0.7688356909769423,None
742,44.259,0.6659393310546875,-0.8492279052734375,0.422027587890625,-0.47200873457233955,-0.727190367346471,None
743,44.309,0.583587646484375,-0.6747589111328125,0.27093505859375,0.3726132850636157,-0.6259307136940232,None
744,44.359,0.905609130859375,-0.79425048828125,0.264312744140625,0.28601059884926133,-0.58406475014573,None
745,44.408,0.5244293212890625,-1.1576080322265625,0.102569580078125,0.15228495105110673,-0.5082061436796588,None
746,44.458,0.5002899169921875,-1.0704498291015625,-0.00543212890625,0.0018193279005164987,-0.4882373643226342,None
747,44.508,0.483367919921875,-0.64971923828125,-0.5710601806640625,-0.660176436838566,-0.4878053351222925,None
748,44.558,0.3682861328125,-0.7120208740234375,-0.1332244873046875,-0.1839158753794489,-0.4532062802938178,None
749,44.608,-0.0207977294921875,-0.8618011474609375,-0.52020263671875,-0.5167743579235238,0.020656258493524707,None
750,44.658,0.2039947509765625,-1.119537353515625,-0.6233978271484375,-0.45701466002309826,0.009326334538533754,None
751,44.707,0.000335693359375,-1.2756805419921875,-0.3138427734375,-0.42499399754332706,-0.032365310664541375,None
752,44.757,0.51849365234375,-0.964141845703125,-0.0443572998046875,-0.04595841372537884,-0.47324428985988864,None
753,44.807,0.4962310791015625,-0.67523193359375,0.4763031005859375,0.5764156444900168,-0.5148312055477604,None
754,44.857,0.3315582275390625,-0.472869873046875,0.0668792724609375,0.14003903978040616,-0.5702893796817844,None
755,44.907,-0.45953369140625,-0.8074493408203125,-0.7276611328125,0.29198992796759765,-0.574241664601633,None
756,44.957,-0.0249786376953125,-0.66314697265625,-0.0210723876953125,-0.031760315341452884,0.0376211657854822,None
757,45.007,1.1138916015625,-0.0576019287109375,0.2261810302734375,-0.045357458446503886,0.03288635177769324,None
758,45.056,0.2552337646484375,-2.2089996337890625,-0.618133544921875,-0.012678920879497593,0.1385803430054389,None
759,45.126,0.8852386474609375,-2.6734466552734375,1.1442718505859375,0.066617856309054,-0.019082643874557097,None
760,45.455,-3.004791259765625,0.1289215087890625,0.2254791259765625,0.14263053874656798,-0.22514996976873172,None
761,45.505,-0.4068603515625,-0.27813720703125,1.5587921142578125,-0.15122492472220322,-0.39357476534893815,Straight
762,45.555,1.2741851806640625,-0.0454559326171875,1.0454864501953125,-0.5887272438398268,-0.4756733661876559,None
763,45.605,0.970123291015625,-1.0107421875,0.351470947265625,-0.7260058431408178,-0.5181824233575119,None
764,45.654,1.198974609375,-0.950042724609375,0.0447998046875,-0.8516684543147833,-0.5577805282749879,None
765,45.704,1.1030426025390625,-1.222747802734375,-0.3979949951171875,-0.8063845728762438,-0.556683930373201,None
766,45.754,0.36724853515625,-1.2396392822265625,-0.4533538818359375,-0.8192817814995443,-0.52114986420311,None
767,45.804,0.2290802001953125,-1.0194091796875,-0.6107330322265625,-0.7986883760200373,-0.5079918289203926,None
768,45.854,0.4401702880859375,-0.851348876953125,-0.2490386962890625,-0.28075691933704255,-0.44451100316024694,None
769,45.904,0.2541351318359375,-0.860260009765625,-0.243255615234375,-0.2721006287207301,-0.2734366900584196,None
770,45.953,0.135284423828125,-1.042236328125,-0.1274871826171875,-0.12141583879203774,-0.1277854840852159,None
771,46.003,0.002716064453125,-1.0696258544921875,-0.5158538818359375,-0.04310927011366524,-0.15562115097035703,None
772,46.053,-0.14971923828125,-1.0836029052734375,-0.5629425048828125,0.14108502357486435,-0.20415963223639064,None
773,46.103,0.071258544921875,-0.572967529296875,-0.1685791015625,-0.28225761313465053,-0.11847032529182079,None
774,46.153,1.0057220458984375,0.239898681640625,0.408111572265625,-0.09899391001037935,-0.1887333606872743,None
775,46.203,1.183837890625,0.5451202392578125,0.31390380859375,-0.10598078355995133,-0.07268283014681538,None
776,46.253,0.348876953125,-1.137359619140625,1.030975341796875,-0.3170234253599353,0.05980515276565275,None
777,46.362,1.2398223876953125,-2.216583251953125,0.494293212890625,-0.3151499483839205,-0.15225867035569776,None
778,46.731,-2.3000030517578125,0.512939453125,1.540374755859375,-0.28283822823732424,-0.3875452984967906,Straight
779,46.781,0.366180419921875,0.2488861083984375,1.287322998046875,-0.4640068577407046,-0.6306949436435597,None
780,46.831,1.330657958984375,-0.1615142822265625,0.5975341796875,-0.6528058446525628,-0.7450963457641477,None
781,46.881,1.13818359375,-0.7442474365234375,1.3745269775390625,-0.7642867902569619,-0.7651446470412725,None
782,46.93,0.75189208984375,-1.1399993896484375,0.46270751953125,-0.8685582124715839,-0.7765226751817443,None
783,46.98,0.6600189208984375,-1.179412841796875,0.20477294921875,-0.9087578822580302,-0.782373661999162,None
784,47.03,0.0461578369140625,-1.5039215087890625,0.4014129638671875,-0.8932676182319397,-0.7666184263233287,None
785,47.08,0.4745635986328125,-0.7288055419921875,0.1823883056640625,0.2427697845242872,-0.5340496156575322,None
786,47.13,0.5572967529296875,-0.486480712890625,0.1993255615234375,0.3791390890171026,-0.7274064399060275,None
787,47.18,0.244110107421875,-0.6905670166015625,-0.76220703125,-0.7410755299454572,-0.23092725270809691,None
788,47.229,-0.0047607421875,-1.2323455810546875,-0.4829254150390625,-0.7029759621853904,-0.1959165396180929,None
789,47.279,0.0749053955078125,-1.1932373046875,-0.4031982421875,-0.6678241931931378,-0.206928860548123,None
790,47.329,0.1945648193359375,-1.0233306884765625,-0.296966552734375,-0.27869814697164885,-0.1796259086649202,None
791,47.379,0.3078155517578125,-0.546630859375,-0.4875640869140625,-0.6656364835475987,-0.3874194784091984,None
792,47.429,0.6721038818359375,0.008880615234375,0.2208099365234375,-0.540481888750269,-0.42464463544608905,None
793,47.479,1.031585693359375,0.3967742919921875,0.6879425048828125,-0.46691057892070187,-0.4045802841867367,None
794,47.528,1.0959625244140625,-0.521270751953125,0.75823974609375,-0.5118471649577975,-0.29171362169475884,None
795,47.638,1.3958282470703125,-2.2789154052734375,-0.2284698486328125,-0.4593440993875678,-0.38574238697017427,None
796,47.957,-2.1129913330078125,1.2858734130859375,-1.355072021484375,-0.48730346388760687,-0.5983748118120708,None
797,48.007,0.203765869140625,-0.15704345703125,2.0013427734375,-0.5235073769130821,-0.729494569086843,Straight
798,48.057,1.2610321044921875,-0.5970611572265625,0.4539947509765625,-0.7208781156807864,-0.7608740901201021,None
799,48.107,1.516448974609375,-1.00677490234375,1.4993743896484375,-0.7898071673031153,-0.7425807206218513,None
800,48.156,0.578155517578125,-0.8017425537109375,0.1329803466796875,0.16362863351908735,-0.5796824710734312,None
801,48.206,0.4959869384765625,-0.942535400390625,-0.0212860107421875,-0.022578021566327953,-0.46559145850237865,None
802,48.256,-0.47564697265625,-1.1760406494140625,-0.5747222900390625,-0.28443664899413235,-0.4424750101548053,None
803,48.306,0.266265869140625,-0.693695068359375,-1.2331085205078125,-0.44808041192627523,-0.41927843484658145,None
804,48.356,-0.456787109375,-0.9688262939453125,-0.7658538818359375,-0.47540044815181604,-0.36028682092494646,None
805,48.406,-0.2161102294921875,-0.8669891357421875,-0.5873260498046875,-0.5608552332180706,0.20211118348025386,None
806,48.456,0.2927703857421875,-0.7190399169921875,-0.753448486328125,-0.7234327063728678,-0.27061803572038223,None
807,48.505,0.087738037109375,-0.7193603515625,-0.7429351806640625,-0.7184132557536079,-0.0845383682583507,None
808,48.555,0.3228912353515625,-0.458770751953125,-0.85223388671875,-0.7469847633511028,-0.12593335159136843,None
809,48.605,0.2230377197265625,-0.3828582763671875,-0.928070068359375,-0.7413256447489244,-0.14796779974507882,None
810,48.655,0.322784423828125,-0.4094390869140625,-0.9440765380859375,-0.7783873235701547,-0.15656431271154908,None
811,48.705,0.13470458984375,-0.454833984375,-1.05047607421875,-0.7645448205105986,-0.17239478055873234,None
812,48.755,-0.0046844482421875,-0.6922149658203125,-0.756683349609375,-0.7378393082016725,0.0045677415719684675,None
813,48.804,0.1702880859375,-0.570526123046875,-0.7980194091796875,-0.8134864170147087,-0.1710308553290823,None
814,48.854,0.24920654296875,-0.4681549072265625,-0.86993408203125,-0.8162785305911228,-0.1865408297359051,None
815,48.904,0.2453765869140625,-0.5718536376953125,-0.7898101806640625,-0.8099800569943991,-0.24403486552718454,None
816,48.954,0.2050628662109375,-0.576019287109375,-0.70477294921875,-0.7742873250970774,-0.21978051593080913,None
817,49.004,0.158294677734375,-0.6116790771484375,-0.605072021484375,-0.7032567669221029,-0.18094417106243718,None
818,49.054,0.161834716796875,-0.62603759765625,-0.755615234375,-0.7700433878666785,-0.1627266304331467,None
819,49.103,-0.0253448486328125,-0.56292724609375,-0.91925048828125,-0.8528013839750819,0.02350626957145932,None
820,49.153,0.1011810302734375,-0.6692657470703125,-0.681610107421875,-0.71353856170787,-0.10533140452598624,None
821,49.203,-0.077789306640625,-0.703887939453125,-0.74517822265625,-0.7269603096398796,0.07566995924196539,None
822,49.253,-0.0722198486328125,-0.7285614013671875,-0.77960205078125,-0.7306190518018745,0.06752772818201129,None
823,49.303,-0.0297393798828125,-0.70343017578125,-0.764495849609375,-0.7358859286485109,0.028614713481266034,None
824,49.353,0.0099945068359375,-0.56903076171875,-0.8238525390625,-0.8228127436279814,-0.009981395382003901,None
825,49.403,-0.1074676513671875,-0.633575439453125,-0.8619842529296875,-0.8057565141562633,0.09995438443018376,None
826,49.452,-0.0753173828125,-0.6868133544921875,-0.673370361328125,-0.7000840996323014,0.07806637534611612,None
827,49.502,-0.1062469482421875,-0.7222137451171875,-0.6333160400390625,-0.6593173234322883,0.10993853065167501,None
828,49.552,-0.0465545654296875,-0.6094970703125,-0.691131591796875,-0.75001275931354,0.0504564456415115,None
829,49.602,-0.1729583740234375,-0.6719818115234375,-0.7031097412109375,-0.7229283457295208,0.17508657632089134,None
830,49.652,-0.211639404296875,-0.64007568359375,-0.765838623046875,-0.767295690242095,0.20743011554639734,None
831,49.702,-0.181060791015625,-0.6841888427734375,-0.687896728515625,-0.7090150579130051,0.18345214733122508,None
832,49.751,-0.2606201171875,-0.676422119140625,-0.7565765380859375,-0.7454933206377807,0.24873158461344544,None
833,49.801,-0.1996917724609375,-0.66326904296875,-0.723602294921875,-0.7371709167487668,0.19935287073329097,None
834,49.851,-0.1702728271484375,-0.669464111328125,-0.7443084716796875,-0.7434995020267652,0.16767958258109686,None
835,49.901,-0.0924835205078125,-0.648345947265625,-0.7358551025390625,-0.750312138456818,0.09388399357024714,None
836,49.951,-0.053741455078125,-0.6586456298828125,-0.7868194580078125,-0.7667993750823233,0.05230235590721991,None
837,50.001,-0.0973052978515625,-0.597137451171875,-0.821990966796875,-0.8090516018506401,0.0953373208720005,None
838,50.05,-0.303802490234375,-0.749420166015625,-0.8099517822265625,-0.8189695838824473,0.10079969737333278,None
839,50.1,-0.0330810546875,-0.5329437255859375,-0.8744049072265625,-0.8538959948235496,0.032288304177213574,None
840,50.15,-0.0573272705078125,-0.53045654296875,-0.895782470703125,-0.8604505307703798,0.0549828385242242,None
841,50.2,-0.053070068359375,-0.5118408203125,-0.8121490478515625,-0.8460036917183077,0.05519802600909564,None
842,50.25,-0.188018798828125,-0.595489501953125,-0.7981109619140625,-0.8014887992514688,0.18553624163808016,None
843,50.3,-0.181549072265625,-0.6131591796875,-0.76776123046875,-0.7813897277816658,0.18169616467620986,None
844,50.349,-0.13262939453125,-0.6654815673828125,-0.563873291015625,-0.6464588788350941,0.15032657473767283,None
