time, x, y, z
0, 0.079132080078125, -0.698455810546875, -0.8675079345703125
0.01, 0.0470428466796875, -0.6727752685546875, -0.8541107177734375
0.02, 0.003143310546875, -0.663299560546875, -0.810211181640625
0.03, -0.0794525146484375, -0.621429443359375, -0.7288970947265625
0.04, -0.1314544677734375, -0.613922119140625, -0.5883636474609375
0.049, -0.0726165771484375, -0.6537017822265625, -0.5218505859375
0.059, 0.0326995849609375, -0.7061767578125, -0.537261962890625
0.069, 0.1311187744140625, -0.77008056640625, -0.66485595703125
0.079, 0.156402587890625, -0.717864990234375, -0.830322265625
0.089, 0.1051025390625, -0.6410980224609375, -0.85302734375
0.099, -0.00177001953125, -0.6351165771484375, -0.808990478515625
0.109, -0.0910186767578125, -0.65228271484375, -0.738525390625
0.119, -0.1195526123046875, -0.6819610595703125, -0.698638916015625
0.129, -0.05438232421875, -0.667633056640625, -0.668426513671875
0.139, 0.043731689453125, -0.62298583984375, -0.6387786865234375
0.149, 0.1365966796875, -0.5948028564453125, -0.628387451171875
0.159, 0.2133941650390625, -0.593658447265625, -0.6616058349609375
0.169, 0.220458984375, -0.6052703857421875, -0.680694580078125
0.179, 0.1669158935546875, -0.622344970703125, -0.71746826171875
0.189, 0.1116790771484375, -0.6147308349609375, -0.7862701416015625
0.199, 0.0745697021484375, -0.638671875, -0.7857818603515625
0.209, 0.0841064453125, -0.6801605224609375, -0.7505340576171875
0.219, 0.1120147705078125, -0.6856231689453125, -0.7247467041015625
0.229, 0.069671630859375, -0.681427001953125, -0.720123291015625
0.239, 0.011199951171875, -0.6838836669921875, -0.7975921630859375
0.249, 0.0095367431640625, -0.644287109375, -0.8730926513671875
0.259, -0.0567626953125, -0.600555419921875, -0.8004302978515625
0.269, -0.147705078125, -0.6134033203125, -0.7304840087890625
0.279, -0.194732666015625, -0.621917724609375, -0.6928253173828125
0.289, -0.194671630859375, -0.6016693115234375, -0.656982421875
0.299, -0.1945953369140625, -0.6165924072265625, -0.6246490478515625
0.309, -0.1952362060546875, -0.6427459716796875, -0.631866455078125
0.319, -0.16015625, -0.6320037841796875, -0.6545257568359375
0.329, -0.123443603515625, -0.622344970703125, -0.7102203369140625
0.339, -0.1183929443359375, -0.58807373046875, -0.8477325439453125
0.348, -0.0915374755859375, -0.5714263916015625, -0.951324462890625
0.358, -0.06610107421875, -0.6037445068359375, -0.9337310791015625
0.368, -0.2159881591796875, -0.6801300048828125, -0.9154052734375
0.378, -0.238739013671875, -0.600433349609375, -0.857696533203125
0.388, -0.13555908203125, -0.5191497802734375, -0.7630767822265625
0.398, -0.108642578125, -0.5379180908203125, -0.74267578125
0.408, -0.0726776123046875, -0.57080078125, -0.79718017578125
0.418, 0.032073974609375, -0.5704345703125, -0.8233489990234375
0.428, 0.16094970703125, -0.596160888671875, -0.9152374267578125
0.438, 0.253143310546875, -0.6625213623046875, -0.986175537109375
0.448, 0.294677734375, -0.7049560546875, -0.9435272216796875
0.458, 0.160247802734375, -0.6369171142578125, -0.88336181640625
0.468, 0.0291595458984375, -0.5623016357421875, -0.867584228515625
0.478, 0.015106201171875, -0.59161376953125, -0.8516845703125
0.488, 0.021881103515625, -0.6418304443359375, -0.8383636474609375
0.498, -0.0046844482421875, -0.6566009521484375, -0.8206024169921875
0.508, -0.0104217529296875, -0.6479034423828125, -0.8011474609375
0.518, 0.0353546142578125, -0.645416259765625, -0.7880706787109375
0.528, 0.0699462890625, -0.65655517578125, -0.789703369140625
0.538, 0.0831451416015625, -0.6593170166015625, -0.811279296875
0.548, 0.080841064453125, -0.6593017578125, -0.82330322265625
0.558, 0.054534912109375, -0.6628875732421875, -0.814605712890625
0.568, 0.0453643798828125, -0.666717529296875, -0.7962188720703125
0.578, 0.0527191162109375, -0.6683807373046875, -0.7929534912109375
0.588, 0.0673675537109375, -0.673980712890625, -0.796051025390625
0.598, 0.0858154296875, -0.6663665771484375, -0.7962799072265625
0.608, 0.08624267578125, -0.6449127197265625, -0.7964324951171875
0.618, 0.1610260009765625, -0.6517181396484375, -0.7613525390625
0.628, 0.1362152099609375, -0.62603759765625, -0.7542877197265625
0.638, 0.12774658203125, -0.61065673828125, -0.779510498046875
0.648, 0.1324005126953125, -0.6086578369140625, -0.77923583984375
0.657, 0.119873046875, -0.5958099365234375, -0.77740478515625
0.667, 0.10009765625, -0.580047607421875, -0.77984619140625
0.677, 0.0886383056640625, -0.5629730224609375, -0.7928619384765625
0.687, 0.100677490234375, -0.5489501953125, -0.7958526611328125
0.697, 0.11865234375, -0.5334320068359375, -0.7909393310546875
0.707, 0.135894775390625, -0.5157012939453125, -0.779754638671875
0.717, 0.126190185546875, -0.5335845947265625, -0.776519775390625
0.727, 0.1034698486328125, -0.531280517578125, -0.7439727783203125
0.737, 0.0745086669921875, -0.5164031982421875, -0.735321044921875
0.747, 0.0566253662109375, -0.521942138671875, -0.7772216796875
0.757, 0.09033203125, -0.52642822265625, -0.83428955078125
0.767, 0.0883026123046875, -0.5283660888671875, -0.9031829833984375
0.777, 0.0653228759765625, -0.5447998046875, -0.9474639892578125
0.787, 0.025634765625, -0.5485076904296875, -0.981536865234375
0.797, -0.01202392578125, -0.5612640380859375, -1.0003509521484375
0.807, -0.0847320556640625, -0.597076416015625, -0.9741058349609375
0.817, -0.1695556640625, -0.6267852783203125, -0.974884033203125
0.827, -0.1175384521484375, -0.6589508056640625, -0.99151611328125
0.837, -0.085296630859375, -0.6707916259765625, -0.9896697998046875
0.847, -0.157562255859375, -0.67498779296875, -0.988616943359375
0.857, -0.0752716064453125, -0.77362060546875, -0.9599761962890625
0.867, 0.0126953125, -0.9801025390625, -0.8020172119140625
0.877, -0.2037811279296875, -0.9731903076171875, -0.632415771484375
0.887, -0.2003173828125, -1.0777130126953125, -0.5110015869140625
0.897, -0.2008514404296875, -1.1073760986328125, -0.414886474609375
0.907, -0.099700927734375, -1.1026153564453125, -0.3313140869140625
0.917, 0.0045928955078125, -1.11065673828125, -0.169769287109375
0.927, 0.09423828125, -1.0931396484375, -0.018829345703125
0.937, 0.248565673828125, -1.083587646484375, 0.1617279052734375
0.947, 0.5053558349609375, -1.2126922607421875, 0.237762451171875
0.957, 0.495941162109375, -1.094970703125, 0.2929840087890625
0.966, 0.646942138671875, -1.1500701904296875, 0.37506103515625
0.976, 0.913238525390625, -1.0716705322265625, 0.5443115234375
0.986, 1.325958251953125, -0.93145751953125, 0.676971435546875
0.996, 1.960357666015625, -0.7017974853515625, 0.775970458984375
1.006, 2.4648284912109375, -0.49993896484375, 0.736419677734375
1.016, 2.917999267578125, -0.343109130859375, 0.6473541259765625
1.026, 3.2635650634765625, -0.1874847412109375, 0.5197601318359375
1.036, 3.614410400390625, -0.0229644775390625, 0.437469482421875
1.046, 3.933990478515625, 0.1942138671875, 0.385498046875
1.056, 4.2626800537109375, 0.499908447265625, 0.2730712890625
1.066, 4.4568328857421875, 0.89910888671875, 0.1456756591796875
1.076, 4.31475830078125, 1.2977447509765625, 0.0006256103515625
1.086, 3.5702362060546875, 1.60711669921875, -0.15667724609375
1.096, 2.150299072265625, 1.5838623046875, 0.075653076171875
1.106, 0.7628936767578125, 1.5392303466796875, 0.3744354248046875
1.116, -0.438507080078125, 1.599578857421875, 0.5747528076171875
1.126, -1.7852935791015625, 1.5006866455078125, 1.0263671875
1.136, -3.0645599365234375, 1.1708984375, 1.6991424560546875
1.146, -3.8270263671875, 1.077880859375, 2.2713775634765625
1.156, -4.03277587890625, 0.8544158935546875, 2.3759918212890625
1.166, -3.679351806640625, 0.4056549072265625, 2.0250244140625
1.176, -3.62457275390625, -0.099365234375, 1.6639862060546875
1.186, -3.6415557861328125, -0.8184967041015625, 1.6141357421875
1.196, -3.2864227294921875, -1.3376007080078125, 1.3830108642578125
1.206, -2.7898101806640625, -1.498626708984375, 0.891754150390625
1.216, -2.255157470703125, -1.453765869140625, 0.56549072265625
1.226, -1.6772613525390625, -1.19879150390625, 0.5557708740234375
1.236, -1.370269775390625, -0.90985107421875, 0.66912841796875
1.246, -1.1909027099609375, -0.642791748046875, 0.72344970703125
1.256, -1.0048980712890625, -0.3833465576171875, 0.759246826171875
1.266, -0.9017333984375, -0.10345458984375, 0.7803497314453125
1.275, -0.797637939453125, 0.1422576904296875, 0.7092132568359375
1.285, -0.762664794921875, 0.2706298828125, 0.68359375
1.295, -0.813140869140625, 0.2867279052734375, 0.7447357177734375
1.305, -0.7993316650390625, 0.2788238525390625, 0.7895965576171875
1.315, -0.742767333984375, 0.2473602294921875, 0.8819122314453125
1.325, -0.585784912109375, 0.2386016845703125, 0.989501953125
1.335, -0.4712677001953125, 0.1708526611328125, 1.01947021484375
1.345, -0.51788330078125, 0.0278778076171875, 0.9912109375
1.355, -0.5846710205078125, -0.093109130859375, 0.968902587890625
1.365, -0.5991668701171875, -0.1543121337890625, 0.9239349365234375
1.375, -0.5596160888671875, -0.226898193359375, 0.831512451171875
1.385, -0.4811248779296875, -0.31060791015625, 0.8017120361328125
1.395, -0.3846588134765625, -0.362762451171875, 0.8414154052734375
1.405, -0.2461090087890625, -0.39935302734375, 0.9560699462890625
1.415, -0.0285797119140625, -0.423675537109375, 1.110595703125
1.425, 0.120819091796875, -0.3919219970703125, 1.219696044921875
1.435, 0.175689697265625, -0.379241943359375, 1.30810546875
1.445, 0.2380218505859375, -0.413421630859375, 1.3569793701171875
1.455, 0.240509033203125, -0.45550537109375, 1.2999725341796875
1.465, 0.2381591796875, -0.442474365234375, 1.1807403564453125
1.475, 0.2699432373046875, -0.4510498046875, 1.062255859375
1.485, 0.3868255615234375, -0.5229034423828125, 0.943634033203125
1.495, 0.53070068359375, -0.618072509765625, 0.8966217041015625
1.505, 0.5692596435546875, -0.6645355224609375, 0.9379119873046875
1.515, 0.572235107421875, -0.7065277099609375, 0.9189453125
1.525, 0.5156097412109375, -0.7167816162109375, 0.8355560302734375
1.535, 0.4646453857421875, -0.7159423828125, 0.7250823974609375
1.545, 0.4186859130859375, -0.717254638671875, 0.582183837890625
1.555, 0.3570404052734375, -0.716583251953125, 0.481414794921875
1.565, 0.328521728515625, -0.7570037841796875, 0.4480438232421875
1.575, 0.34259033203125, -0.832550048828125, 0.4142608642578125
1.584, 0.3689422607421875, -0.8176422119140625, 0.3895263671875
1.594, 0.3839874267578125, -0.8038177490234375, 0.2946319580078125
1.604, 0.39794921875, -0.8008880615234375, 0.1796875
1.614, 0.3777008056640625, -0.7828369140625, 0.054534912109375
1.624, 0.2723388671875, -0.8255767822265625, -0.096221923828125
1.634, 0.142486572265625, -0.895751953125, -0.2422027587890625
1.644, 0.1092681884765625, -0.9402618408203125, -0.3721771240234375
1.654, 0.0676116943359375, -0.9477691650390625, -0.262542724609375
1.664, 0.0564117431640625, -0.9766845703125, -0.1950531005859375
1.674, 0.05487060546875, -1.0178375244140625, -0.217803955078125
1.684, 0.025848388671875, -1.025054931640625, -0.223114013671875
1.694, -0.0044097900390625, -1.0296173095703125, -0.2984161376953125
1.704, -0.0343780517578125, -1.03875732421875, -0.458251953125
1.714, -0.0647125244140625, -1.02520751953125, -0.620941162109375
1.724, -0.1005401611328125, -1.0023040771484375, -0.7562408447265625
1.734, -0.0644683837890625, -0.944488525390625, -0.843475341796875
1.744, 0.00439453125, -0.9087982177734375, -0.9102935791015625
1.754, 0.035369873046875, -0.906219482421875, -0.869964599609375
1.764, 0.0302276611328125, -0.9310302734375, -0.7667083740234375
1.774, 0.025665283203125, -0.9824066162109375, -0.6905059814453125
1.784, 0.080780029296875, -1.01727294921875, -0.5871429443359375
1.794, 0.1235198974609375, -1.05029296875, -0.51031494140625
1.804, 0.2019195556640625, -1.0773162841796875, -0.49432373046875
1.814, 0.378448486328125, -1.0421142578125, -0.485626220703125
1.824, 0.6286468505859375, -1.031280517578125, -0.4422760009765625
1.834, 0.859344482421875, -0.9951324462890625, -0.3477325439453125
1.844, 1.1189727783203125, -0.9734344482421875, -0.218017578125
1.854, 1.2931365966796875, -0.928924560546875, -0.0406646728515625
1.864, 1.437164306640625, -0.84918212890625, 0.2473907470703125
1.874, 1.6525421142578125, -0.766357421875, 0.5677490234375
1.884, 2.060821533203125, -0.6841278076171875, 0.8486480712890625
1.893, 2.5339508056640625, -0.66168212890625, 1.146392822265625
1.903, 2.9790191650390625, -0.6693572998046875, 1.341552734375
1.913, 3.205718994140625, -0.6266937255859375, 1.4999847412109375
1.923, 3.15814208984375, -0.5633544921875, 1.619049072265625
1.933, 3.036102294921875, -0.5206146240234375, 1.7046356201171875
1.943, 3.02728271484375, -0.42816162109375, 1.7743072509765625
1.953, 3.0681610107421875, -0.2291107177734375, 1.6946563720703125
1.963, 2.8477630615234375, 0.1637115478515625, 1.521209716796875
1.973, 2.3029022216796875, 0.6672821044921875, 1.276519775390625
1.983, 1.518035888671875, 1.2135772705078125, 0.96514892578125
1.993, 0.6023712158203125, 1.8654632568359375, 0.6634674072265625
2.003, -0.389312744140625, 2.368438720703125, 0.6414337158203125
2.013, -1.4391021728515625, 2.7628631591796875, 0.8682403564453125
2.023, -3.190277099609375, 2.85064697265625, 0.96380615234375
2.033, -4.88671875, 2.7438507080078125, 0.729705810546875
2.043, -6.2336883544921875, 2.0667877197265625, 0.57489013671875
2.053, -6.68572998046875, 0.722686767578125, 0.5554962158203125
2.063, -6.73077392578125, -0.80340576171875, -0.045440673828125
2.073, -5.681182861328125, -1.842529296875, -0.4357452392578125
2.083, -3.979095458984375, -1.706817626953125, 0.385772705078125
2.093, -2.4506378173828125, -1.114898681640625, 1.719818115234375
2.103, -1.6712646484375, -0.5489501953125, 2.45458984375
2.113, -1.1304473876953125, -0.062164306640625, 2.0515594482421875
2.123, -0.332550048828125, 0.6207122802734375, 1.225616455078125
2.133, 0.5907135009765625, 1.1598968505859375, 0.7370452880859375
2.143, 0.9503631591796875, 1.1400299072265625, 0.5857391357421875
2.153, 0.6673431396484375, 0.7620086669921875, 0.4263763427734375
2.163, 0.25274658203125, 0.4145050048828125, 0.3427276611328125
2.173, -0.0406341552734375, 0.210968017578125, 0.404937744140625
2.183, -0.31805419921875, -0.0269317626953125, 0.4061431884765625
2.193, -0.660919189453125, -0.229217529296875, 0.44635009765625
2.202, -0.974761962890625, -0.4235687255859375, 0.5963134765625
2.212, -1.2428436279296875, -0.5498504638671875, 0.815338134765625
2.222, -1.4296722412109375, -0.5987701416015625, 0.9942169189453125
2.232, -1.5387725830078125, -0.60357666015625, 1.09423828125
2.242, -1.6390533447265625, -0.5561676025390625, 1.1082916259765625
2.252, -1.72088623046875, -0.4936676025390625, 1.0670318603515625
2.262, -1.6740264892578125, -0.3913726806640625, 0.98089599609375
2.272, -1.51800537109375, -0.2835845947265625, 0.8716583251953125
2.282, -1.3038482666015625, -0.0921630859375, 0.8345947265625
2.292, -1.040802001953125, -0.027008056640625, 0.7135772705078125
2.302, -0.8770751953125, -0.0797271728515625, 0.5499114990234375
2.312, -0.8819732666015625, -0.098297119140625, 0.436248779296875
2.322, -0.91387939453125, -0.1964874267578125, 0.3626708984375
2.332, -0.8812255859375, -0.3446502685546875, 0.3321075439453125
2.342, -0.832275390625, -0.464752197265625, 0.3415985107421875
2.352, -0.7055511474609375, -0.5434722900390625, 0.39581298828125
2.362, -0.509185791015625, -0.614410400390625, 0.473876953125
2.372, -0.43243408203125, -0.6597747802734375, 0.55999755859375
2.382, -0.393890380859375, -0.725006103515625, 0.541229248046875
2.392, -0.367645263671875, -0.79583740234375, 0.4763336181640625
2.402, -0.4113006591796875, -0.81719970703125, 0.4596099853515625
2.412, -0.41424560546875, -0.796539306640625, 0.457763671875
2.422, -0.294952392578125, -0.757354736328125, 0.379730224609375
2.432, -0.202056884765625, -0.7262420654296875, 0.275604248046875
2.442, -0.0403594970703125, -0.714263916015625, 0.231353759765625
2.452, 0.186187744140625, -0.7117156982421875, 0.2149505615234375
2.462, 0.3696136474609375, -0.6643218994140625, 0.1466064453125
2.472, 0.5326385498046875, -0.6280517578125, 0.0230255126953125
2.482, 0.6420135498046875, -0.612762451171875, -0.0604248046875
2.492, 0.67724609375, -0.58392333984375, -0.1206207275390625
2.502, 0.6885986328125, -0.5775299072265625, -0.20947265625
2.511, 0.6291351318359375, -0.6064300537109375, -0.2442779541015625
2.521, 0.548248291015625, -0.6166229248046875, -0.2168121337890625
2.531, 0.4855804443359375, -0.6036834716796875, -0.1345672607421875
2.541, 0.50042724609375, -0.573577880859375, 0.00213623046875
2.551, 0.4950103759765625, -0.566436767578125, 0.1393890380859375
2.561, 0.46112060546875, -0.5767974853515625, 0.2267303466796875
2.571, 0.4331207275390625, -0.57147216796875, 0.23602294921875
2.581, 0.4449462890625, -0.530975341796875, 0.1786041259765625
2.591, 0.4986114501953125, -0.48834228515625, 0.0698699951171875
2.601, 0.5074615478515625, -0.4685211181640625, -0.04180908203125
2.611, 0.5103302001953125, -0.45672607421875, -0.1068572998046875
2.621, 0.51922607421875, -0.445831298828125, -0.2001953125
2.631, 0.540435791015625, -0.43658447265625, -0.308135986328125
2.641, 0.5207672119140625, -0.4552154541015625, -0.3548736572265625
2.651, 0.4725494384765625, -0.5044708251953125, -0.376220703125
2.661, 0.39654541015625, -0.609771728515625, -0.418975830078125
2.671, 0.2749176025390625, -0.7274017333984375, -0.44671630859375
2.681, 0.1443634033203125, -0.855621337890625, -0.4575653076171875
2.691, 0.045379638671875, -0.9694976806640625, -0.4044647216796875
2.701, -0.0692901611328125, -1.064208984375, -0.3337554931640625
2.711, -0.304931640625, -1.23114013671875, -0.25982666015625
2.721, -0.627197265625, -1.43975830078125, -0.091949462890625
2.731, -0.8386383056640625, -1.6114349365234375, 0.1341552734375
2.741, -0.914947509765625, -1.6990966796875, 0.318328857421875
2.751, -0.921844482421875, -1.71270751953125, 0.4242095947265625
2.761, -0.9372711181640625, -1.7208099365234375, 0.4145660400390625
2.771, -1.0066680908203125, -1.683349609375, 0.4157257080078125
2.781, -1.05047607421875, -1.627044677734375, 0.4662322998046875
2.791, -0.9983062744140625, -1.5675201416015625, 0.554412841796875
2.801, -0.9373779296875, -1.472991943359375, 0.6815643310546875
2.811, -0.8643798828125, -1.3624114990234375, 0.7833251953125
2.82, -0.8055572509765625, -1.265350341796875, 0.8395538330078125
2.83, -0.740997314453125, -1.15960693359375, 0.8641204833984375
2.84, -0.6435394287109375, -1.0427398681640625, 0.8795166015625
2.85, -0.5533599853515625, -0.9384918212890625, 0.880157470703125
2.86, -0.5110015869140625, -0.860595703125, 0.847198486328125
2.87, -0.476470947265625, -0.7886199951171875, 0.7606048583984375
2.88, -0.4357147216796875, -0.745635986328125, 0.653594970703125
2.89, -0.416839599609375, -0.740081787109375, 0.5422515869140625
2.9, -0.3818206787109375, -0.7483673095703125, 0.4007720947265625
2.91, -0.3275299072265625, -0.76495361328125, 0.2086181640625
2.92, -0.2841796875, -0.806915283203125, 0.0235443115234375
2.93, -0.2777862548828125, -0.87933349609375, -0.0858306884765625
2.94, -0.2465972900390625, -0.9660491943359375, -0.126495361328125
2.95, -0.184051513671875, -1.0807037353515625, -0.186920166015625
2.96, -0.1768798828125, -1.1807708740234375, -0.21044921875
2.97, -0.24627685546875, -1.2760009765625, -0.213409423828125
2.98, -0.33978271484375, -1.35528564453125, -0.146881103515625
2.99, -0.3997955322265625, -1.4106903076171875, 0.04315185546875
3, -0.428924560546875, -1.4628143310546875, 0.284393310546875
3.01, -0.544219970703125, -1.49066162109375, 0.566314697265625
3.02, -0.7197113037109375, -1.5112762451171875, 0.8707275390625
3.03, -0.822540283203125, -1.468597412109375, 1.1109466552734375
3.04, -0.7736663818359375, -1.361968994140625, 1.2754669189453125
3.05, -0.6363372802734375, -1.19952392578125, 1.3713226318359375
3.06, -0.5387725830078125, -0.9998321533203125, 1.401702880859375
3.07, -0.475433349609375, -0.77398681640625, 1.3481903076171875
3.08, -0.4071502685546875, -0.5577239990234375, 1.310943603515625
3.09, -0.3486328125, -0.333099365234375, 1.3492584228515625
3.1, -0.2834320068359375, -0.121673583984375, 1.4337158203125
3.11, -0.238800048828125, 0.013763427734375, 1.5075836181640625
3.12, -0.2613067626953125, 0.04022216796875, 1.5423126220703125
3.129, -0.303955078125, 0.0600128173828125, 1.5688629150390625
3.139, -0.2841796875, 0.1374664306640625, 1.5769195556640625
3.149, -0.2280120849609375, 0.220855712890625, 1.5682220458984375
3.159, -0.1881256103515625, 0.3084564208984375, 1.535308837890625
3.169, -0.1449432373046875, 0.3757171630859375, 1.4575958251953125
3.179, -0.0981597900390625, 0.4278106689453125, 1.38671875
3.189, -0.054840087890625, 0.506805419921875, 1.2834320068359375
3.199, -0.038604736328125, 0.53961181640625, 1.2198486328125
3.209, -0.08502197265625, 0.5251007080078125, 1.1679534912109375
3.219, -0.1643829345703125, 0.519500732421875, 1.1429901123046875
3.229, -0.25726318359375, 0.482086181640625, 1.1327362060546875
3.239, -0.3170318603515625, 0.4608154296875, 1.13262939453125
3.249, -0.3147430419921875, 0.4649200439453125, 1.1380462646484375
3.259, -0.288604736328125, 0.4845733642578125, 1.1295166015625
3.269, -0.2679290771484375, 0.5037841796875, 1.0987701416015625
3.279, -0.2607574462890625, 0.5113067626953125, 1.052490234375
3.289, -0.3119964599609375, 0.48431396484375, 1.0174713134765625
3.299, -0.351470947265625, 0.4411468505859375, 1.016326904296875
3.309, -0.3163604736328125, 0.429412841796875, 1.0352783203125
3.319, -0.27703857421875, 0.446929931640625, 1.0484771728515625
3.329, -0.2612152099609375, 0.441162109375, 1.0300750732421875
3.339, -0.29010009765625, 0.398529052734375, 0.9669036865234375
3.349, -0.3970184326171875, 0.312957763671875, 0.8825531005859375
3.359, -0.4665374755859375, 0.2399749755859375, 0.8209075927734375
3.369, -0.476165771484375, 0.189697265625, 0.7766265869140625
3.379, -0.4719390869140625, 0.165435791015625, 0.7484130859375
3.389, -0.4627532958984375, 0.1560516357421875, 0.701202392578125
3.399, -0.4710540771484375, 0.14935302734375, 0.642974853515625
3.409, -0.53143310546875, 0.1266326904296875, 0.6060943603515625
3.419, -0.55218505859375, 0.0732879638671875, 0.598785400390625
3.429, -0.5495758056640625, 0.0124359130859375, 0.5713043212890625
3.438, -0.5438232421875, -0.05267333984375, 0.4870452880859375
3.448, -0.5422210693359375, -0.1217803955078125, 0.40216064453125
3.458, -0.5485076904296875, -0.1734466552734375, 0.3694915771484375
3.468, -0.492034912109375, -0.206512451171875, 0.3936767578125
3.478, -0.389739990234375, -0.2069091796875, 0.4374847412109375
3.488, -0.2783050537109375, -0.185760498046875, 0.485870361328125
3.498, -0.2056427001953125, -0.1584930419921875, 0.488616943359375
3.508, -0.1455535888671875, -0.122100830078125, 0.441680908203125
3.518, -0.0669708251953125, -0.095916748046875, 0.37701416015625
3.528, -0.005706787109375, -0.1079559326171875, 0.323577880859375
3.538, 0.005157470703125, -0.1659088134765625, 0.281341552734375
3.548, -0.018096923828125, -0.252899169921875, 0.224395751953125
3.558, -0.0210723876953125, -0.3269195556640625, 0.153594970703125
3.568, -0.0208282470703125, -0.3610687255859375, 0.0583953857421875
3.578, -0.0206298828125, -0.3760223388671875, -0.0731353759765625
3.588, 0.020233154296875, -0.40826416015625, -0.1950836181640625
3.598, 0.077239990234375, -0.4398040771484375, -0.280242919921875
3.608, 0.177032470703125, -0.44854736328125, -0.31781005859375
3.618, 0.286468505859375, -0.4561920166015625, -0.3124237060546875
3.628, 0.3652801513671875, -0.4687347412109375, -0.2747802734375
3.638, 0.4096221923828125, -0.4815826416015625, -0.2072906494140625
3.648, 0.4088287353515625, -0.5578460693359375, -0.18231201171875
3.658, 0.356414794921875, -0.6579742431640625, -0.116546630859375
3.668, 0.3213653564453125, -0.707366943359375, -0.0440826416015625
3.678, 0.3267364501953125, -0.71484375, -0.010528564453125
3.688, 0.3585205078125, -0.701995849609375, 0.005645751953125
3.698, 0.3655548095703125, -0.7218780517578125, 0.0055999755859375
3.708, 0.3099212646484375, -0.7642974853515625, 0.023529052734375
3.718, 0.2454833984375, -0.7985992431640625, 0.07147216796875
3.728, 0.2050933837890625, -0.8191680908203125, 0.118896484375
3.738, 0.211273193359375, -0.78228759765625, 0.148590087890625
3.747, 0.2465362548828125, -0.71588134765625, 0.174468994140625
3.757, 0.3692626953125, -0.7305755615234375, 0.17340087890625
3.767, 0.4633941650390625, -0.7600860595703125, 0.18115234375
3.777, 0.5211639404296875, -0.7892608642578125, 0.226715087890625
3.787, 0.6093597412109375, -0.8647308349609375, 0.284881591796875
3.797, 0.6263427734375, -0.9160308837890625, 0.323089599609375
3.807, 0.5760650634765625, -0.980682373046875, 0.357177734375
3.817, 0.456390380859375, -1.0504302978515625, 0.3743438720703125
3.827, 0.329620361328125, -1.0864715576171875, 0.3541259765625
3.837, 0.226318359375, -1.1649932861328125, 0.314971923828125
3.847, 0.183349609375, -1.28997802734375, 0.289031982421875
3.857, 0.149169921875, -1.40625, 0.3730316162109375
3.867, 0.167266845703125, -1.50726318359375, 0.4342803955078125
3.877, 0.1566619873046875, -1.5816192626953125, 0.4841461181640625
3.887, 0.060394287109375, -1.6506805419921875, 0.5515289306640625
3.897, -0.073699951171875, -1.7239990234375, 0.572113037109375
3.907, -0.233428955078125, -1.803375244140625, 0.6175079345703125
3.917, -0.40887451171875, -1.88568115234375, 0.70770263671875
3.927, -0.5819091796875, -1.987213134765625, 0.7745208740234375
3.937, -0.7363433837890625, -2.0712432861328125, 0.83551025390625
3.947, -0.80596923828125, -2.1109466552734375, 0.85430908203125
3.957, -0.956634521484375, -2.1834716796875, 0.8148956298828125
3.967, -0.9497222900390625, -2.1478424072265625, 0.869384765625
3.977, -0.9527587890625, -2.03265380859375, 0.970306396484375
3.987, -0.9314727783203125, -1.91363525390625, 1.0908050537109375
3.997, -0.8808746337890625, -1.796722412109375, 1.2077789306640625
4.007, -0.813568115234375, -1.67852783203125, 1.294158935546875
4.017, -0.70703125, -1.5919952392578125, 1.402984619140625
4.027, -0.6534423828125, -1.4875030517578125, 1.490936279296875
4.037, -0.6286468505859375, -1.3259735107421875, 1.514068603515625
4.047, -0.6187744140625, -1.157928466796875, 1.511566162109375
4.056, -0.5772247314453125, -0.9832611083984375, 1.512969970703125
4.066, -0.50946044921875, -0.8448944091796875, 1.491973876953125
4.076, -0.437255859375, -0.680084228515625, 1.4504547119140625
4.086, -0.4107513427734375, -0.5344390869140625, 1.3862762451171875
4.096, -0.4584197998046875, -0.4571990966796875, 1.351470947265625
4.106, -0.4684906005859375, -0.4156036376953125, 1.3671112060546875
4.116, -0.45611572265625, -0.3372955322265625, 1.384918212890625
4.126, -0.44281005859375, -0.2591094970703125, 1.406585693359375
4.136, -0.378509521484375, -0.1858367919921875, 1.442901611328125
4.146, -0.2960968017578125, -0.0959930419921875, 1.4307861328125
4.156, -0.211151123046875, -0.017913818359375, 1.3478546142578125
4.166, -0.1474456787109375, 0.0554351806640625, 1.2628936767578125
4.176, -0.0847015380859375, 0.1249847412109375, 1.20751953125
4.186, -0.092864990234375, 0.1357574462890625, 1.203399658203125
4.196, -0.1634674072265625, 0.104339599609375, 1.2542572021484375
4.206, -0.19171142578125, 0.1139373779296875, 1.32080078125
4.216, -0.1842193603515625, 0.130859375, 1.3662567138671875
4.226, -0.1728057861328125, 0.159698486328125, 1.3729400634765625
4.236, -0.1633758544921875, 0.1925811767578125, 1.32952880859375
4.246, -0.1703338623046875, 0.2321319580078125, 1.2606658935546875
4.256, -0.18035888671875, 0.2719573974609375, 1.185699462890625
4.266, -0.2146148681640625, 0.29107666015625, 1.14434814453125
4.276, -0.28662109375, 0.2686309814453125, 1.117584228515625
4.286, -0.361297607421875, 0.238372802734375, 1.117523193359375
4.296, -0.403656005859375, 0.209136962890625, 1.123779296875
4.306, -0.370758056640625, 0.210693359375, 1.095855712890625
4.316, -0.30133056640625, 0.2566070556640625, 1.0474395751953125
4.326, -0.221588134765625, 0.316558837890625, 0.9908599853515625
4.336, -0.1488800048828125, 0.360137939453125, 0.9453125
4.346, -0.0748748779296875, 0.376800537109375, 0.9155120849609375
4.356, -0.04351806640625, 0.3799591064453125, 0.87994384765625
4.365, -0.0827178955078125, 0.356292724609375, 0.839691162109375
4.375, -0.193450927734375, 0.281280517578125, 0.7862396240234375
4.385, -0.3170013427734375, 0.1661224365234375, 0.745391845703125
4.395, -0.34466552734375, 0.12835693359375, 0.7545318603515625
4.405, -0.2817230224609375, 0.1608428955078125, 0.7624053955078125
4.415, -0.208465576171875, 0.186676025390625, 0.7451629638671875
4.425, -0.2010955810546875, 0.1786651611328125, 0.7034912109375
4.435, -0.209564208984375, 0.144317626953125, 0.61859130859375
4.445, -0.19757080078125, 0.12005615234375, 0.5007781982421875
4.455, -0.1986083984375, 0.1044158935546875, 0.3850860595703125
4.465, -0.2151031494140625, 0.071807861328125, 0.2978515625
4.475, -0.2251129150390625, 0.0197601318359375, 0.2430419921875
4.485, -0.2204742431640625, -0.0088348388671875, 0.190826416015625
4.495, -0.180572509765625, -0.0149688720703125, 0.142120361328125
4.505, -0.1264190673828125, -0.0293121337890625, 0.095062255859375
4.515, -0.0441131591796875, -0.0393524169921875, 0.0639801025390625
4.525, 0.0080413818359375, -0.06500244140625, 0.0582427978515625
4.535, 0.054046630859375, -0.087615966796875, 0.063446044921875
4.545, 0.1008758544921875, -0.1338043212890625, 0.069488525390625
4.555, 0.1279754638671875, -0.1602020263671875, 0.0570068359375
4.565, 0.1421051025390625, -0.1972808837890625, 0.0188140869140625
4.575, 0.1153106689453125, -0.2588653564453125, -0.0382843017578125
4.585, 0.074737548828125, -0.34271240234375, -0.095001220703125
4.595, 0.0587310791015625, -0.4482574462890625, -0.1344146728515625
4.605, 0.0714874267578125, -0.547149658203125, -0.1449432373046875
4.615, 0.12945556640625, -0.6143951416015625, -0.14697265625
4.625, 0.21929931640625, -0.67352294921875, -0.127899169921875
4.635, 0.258331298828125, -0.728515625, -0.0965728759765625
4.645, 0.2443084716796875, -0.761749267578125, -0.0501708984375
4.655, 0.23162841796875, -0.772735595703125, 0.0063018798828125
4.665, 0.2179107666015625, -0.7521514892578125, 0.097137451171875
4.674, 0.31036376953125, -0.7169189453125, 0.20989990234375
4.684, 0.426422119140625, -0.7274017333984375, 0.35101318359375
4.694, 0.479705810546875, -0.7676239013671875, 0.4444580078125
4.704, 0.5084228515625, -0.796875, 0.48681640625
4.714, 0.52484130859375, -0.799896240234375, 0.50555419921875
4.724, 0.5132293701171875, -0.7635955810546875, 0.5196990966796875
4.734, 0.4743804931640625, -0.7052459716796875, 0.5311126708984375
4.744, 0.474517822265625, -0.61614990234375, 0.55499267578125
4.754, 0.5594482421875, -0.5525360107421875, 0.5550689697265625
4.764, 0.635986328125, -0.5863037109375, 0.55718994140625
4.774, 0.6357574462890625, -0.6473846435546875, 0.636383056640625
4.784, 0.6701202392578125, -0.7257537841796875, 0.7210235595703125
4.794, 0.7110595703125, -0.7887420654296875, 0.8056182861328125
4.804, 0.68145751953125, -0.820159912109375, 0.8700103759765625
4.814, 0.5966033935546875, -0.8166656494140625, 0.881134033203125
4.824, 0.5157470703125, -0.777557373046875, 0.8950653076171875
4.834, 0.5039825439453125, -0.6947784423828125, 0.931884765625
4.844, 0.5424957275390625, -0.6016998291015625, 0.9119110107421875
4.854, 0.6009674072265625, -0.539398193359375, 0.8166656494140625
4.864, 0.6862945556640625, -0.5517730712890625, 0.709686279296875
4.874, 0.7299957275390625, -0.5942840576171875, 0.6770477294921875
4.884, 0.749176025390625, -0.650390625, 0.6781768798828125
4.894, 0.72491455078125, -0.695098876953125, 0.69873046875
4.904, 0.6555633544921875, -0.72015380859375, 0.7120513916015625
4.914, 0.540496826171875, -0.742523193359375, 0.7459716796875
4.924, 0.4058990478515625, -0.7811431884765625, 0.842529296875
4.934, 0.329559326171875, -0.82110595703125, 0.958526611328125
4.944, 0.2523345947265625, -0.8365478515625, 1.0150299072265625
4.954, 0.172149658203125, -0.8578643798828125, 0.996124267578125
4.964, 0.10107421875, -0.8897247314453125, 0.891143798828125
4.973, -0.0474853515625, -0.9430389404296875, 0.6826934814453125
4.983, -0.28778076171875, -1.0344085693359375, 0.4635467529296875
4.993, -0.55078125, -1.120513916015625, 0.2979278564453125
5.003, -0.7658843994140625, -1.1732330322265625, 0.2376251220703125
5.013, -0.7982177734375, -1.1800994873046875, 0.3465576171875
5.023, -0.7087860107421875, -1.13818359375, 0.51947021484375
5.033, -0.6378173828125, -1.126373291015625, 0.64215087890625
5.043, -0.5488433837890625, -1.1112518310546875, 0.7176361083984375
5.053, -0.4359130859375, -1.058380126953125, 0.7480316162109375
5.063, -0.33892822265625, -1.042938232421875, 0.7206878662109375
5.073, -0.311859130859375, -1.0267181396484375, 0.6529693603515625
5.083, -0.3054046630859375, -0.9665679931640625, 0.557464599609375
5.093, -0.2321014404296875, -0.8867034912109375, 0.529022216796875
5.103, -0.1213531494140625, -0.79119873046875, 0.568603515625
5.113, -0.0192108154296875, -0.7128448486328125, 0.6768341064453125
5.123, 0.049774169921875, -0.6844024658203125, 0.8468780517578125
5.133, 0.0887451171875, -0.67413330078125, 1.0074462890625
5.143, 0.1320648193359375, -0.661468505859375, 1.126068115234375
5.153, 0.16986083984375, -0.645904541015625, 1.2189483642578125
5.163, 0.1934967041015625, -0.6127471923828125, 1.2794189453125
5.173, 0.2350616455078125, -0.5619659423828125, 1.2947845458984375
5.183, 0.2495880126953125, -0.5074920654296875, 1.313995361328125
5.193, 0.2491912841796875, -0.4803314208984375, 1.3926544189453125
5.203, 0.3147735595703125, -0.4575042724609375, 1.51043701171875
5.213, 0.3922576904296875, -0.4375457763671875, 1.6129608154296875
5.223, 0.424591064453125, -0.4142303466796875, 1.664825439453125
5.233, 0.4374542236328125, -0.3740997314453125, 1.652130126953125
5.243, 0.441650390625, -0.326385498046875, 1.61859130859375
5.253, 0.4483642578125, -0.2554779052734375, 1.576568603515625
5.263, 0.4013671875, -0.222442626953125, 1.4840087890625
5.273, 0.2876129150390625, -0.250579833984375, 1.3568878173828125
5.282, 0.115631103515625, -0.2992095947265625, 1.2699737548828125
5.292, -0.0670166015625, -0.3660888671875, 1.244903564453125
5.302, -0.169219970703125, -0.3970947265625, 1.2836151123046875
5.312, -0.238739013671875, -0.373016357421875, 1.3119964599609375
5.322, -0.2811431884765625, -0.3138275146484375, 1.2864990234375
5.332, -0.2577972412109375, -0.2398529052734375, 1.2401275634765625
5.342, -0.2165374755859375, -0.145233154296875, 1.1992340087890625
5.352, -0.2826080322265625, -0.0796661376953125, 1.1532440185546875
5.362, -0.4879608154296875, -0.09832763671875, 1.1436767578125
5.372, -0.747039794921875, -0.1561431884765625, 1.1620330810546875
5.382, -0.972259521484375, -0.222015380859375, 1.2145843505859375
5.392, -1.0845184326171875, -0.24224853515625, 1.2880859375
5.402, -1.0801849365234375, -0.1970672607421875, 1.2889404296875
5.412, -0.98663330078125, -0.0712432861328125, 1.219390869140625
5.422, -0.8389434814453125, 0.07452392578125, 1.14453125
5.432, -0.8838043212890625, 0.0900421142578125, 1.1378173828125
5.442, -1.0766448974609375, -0.022064208984375, 1.221954345703125
5.452, -1.2543182373046875, -0.1175689697265625, 1.338531494140625
5.462, -1.36151123046875, -0.1564483642578125, 1.3849029541015625
5.472, -1.413360595703125, -0.1796112060546875, 1.3221588134765625
5.482, -1.4894866943359375, -0.232940673828125, 1.320159912109375
5.492, -1.47998046875, -0.2393035888671875, 1.34375
5.502, -1.3571014404296875, -0.2042083740234375, 1.3385467529296875
5.512, -1.205810546875, -0.1817474365234375, 1.349212646484375
5.522, -1.1292266845703125, -0.1767578125, 1.360870361328125
5.532, -1.113311767578125, -0.19183349609375, 1.313934326171875
5.542, -1.132537841796875, -0.1977691650390625, 1.2296905517578125
5.552, -1.120025634765625, -0.1677093505859375, 1.1876373291015625
5.562, -1.0491180419921875, -0.131439208984375, 1.1864013671875
5.572, -0.9581298828125, -0.0899200439453125, 1.1972503662109375
5.582, -0.8420562744140625, -0.04962158203125, 1.195098876953125
5.591, -0.753143310546875, -0.0304718017578125, 1.15777587890625
5.601, -0.704315185546875, 0.00482177734375, 1.0938568115234375
5.611, -0.6280059814453125, 0.038177490234375, 1.0254058837890625
5.621, -0.560272216796875, 0.0515594482421875, 0.9517669677734375
5.631, -0.521820068359375, 0.055572509765625, 0.8851776123046875
5.641, -0.5014190673828125, 0.0505523681640625, 0.8306427001953125
5.651, -0.4948883056640625, 0.0466461181640625, 0.8220062255859375
5.661, -0.4590606689453125, 0.0470123291015625, 0.8252105712890625
5.671, -0.4236907958984375, 0.0560760498046875, 0.7984619140625
5.681, -0.4158172607421875, 0.0638275146484375, 0.7437896728515625
5.691, -0.4025726318359375, 0.0611724853515625, 0.6688690185546875
5.701, -0.38031005859375, 0.0579833984375, 0.6190643310546875
5.711, -0.3576507568359375, 0.035400390625, 0.5982666015625
5.721, -0.31439208984375, 0.007049560546875, 0.566436767578125
5.731, -0.308837890625, -0.0217437744140625, 0.537017822265625
5.741, -0.335479736328125, -0.05572509765625, 0.544097900390625
5.751, -0.324493408203125, -0.0775909423828125, 0.5792388916015625
5.761, -0.2877044677734375, -0.0716094970703125, 0.62060546875
5.771, -0.2451934814453125, -0.0415496826171875, 0.6097259521484375
5.781, -0.20623779296875, -0.017364501953125, 0.533050537109375
5.791, -0.21282958984375, -0.00787353515625, 0.4488067626953125
5.801, -0.1989898681640625, 0.001495361328125, 0.3697052001953125
5.811, -0.197235107421875, 0.0052947998046875, 0.3153076171875
5.821, -0.168365478515625, -0.0191802978515625, 0.3101959228515625
5.831, -0.16546630859375, -0.0766754150390625, 0.36676025390625
5.841, -0.1932830810546875, -0.1539764404296875, 0.4443511962890625
5.851, -0.147918701171875, -0.1779937744140625, 0.4799346923828125
5.861, -0.0451507568359375, -0.1628265380859375, 0.4808502197265625
5.871, 0.012054443359375, -0.1382598876953125, 0.4544219970703125
5.881, 0.0471038818359375, -0.122955322265625, 0.3864288330078125
5.891, 0.0703887939453125, -0.1077117919921875, 0.2982940673828125
5.9, 0.103912353515625, -0.075347900390625, 0.2113800048828125
5.91, 0.14434814453125, -0.0476226806640625, 0.1735076904296875
5.92, 0.22998046875, -0.027496337890625, 0.2114715576171875
5.93, 0.3205718994140625, -0.0000152587890625, 0.2960357666015625
5.94, 0.3944091796875, 0.015380859375, 0.3509979248046875
5.95, 0.4652557373046875, 0.003814697265625, 0.350128173828125
5.96, 0.452789306640625, -0.0207977294921875, 0.32080078125
5.97, 0.470672607421875, -0.0846099853515625, 0.242095947265625
5.98, 0.50897216796875, -0.114959716796875, 0.153594970703125
5.99, 0.55999755859375, -0.14776611328125, 0.0972747802734375
6, 0.6654205322265625, -0.222900390625, 0.09478759765625
6.01, 0.78338623046875, -0.23663330078125, 0.1208343505859375
6.02, 0.9068145751953125, -0.253662109375, 0.1388397216796875
6.03, 0.991241455078125, -0.2897186279296875, 0.1476287841796875
6.04, 1.002838134765625, -0.299285888671875, 0.1437225341796875
6.05, 1.0227813720703125, -0.3278350830078125, 0.14495849609375
6.06, 1.0229644775390625, -0.3453521728515625, 0.1724700927734375
6.07, 1.0102081298828125, -0.3415374755859375, 0.20831298828125
6.08, 1.0034637451171875, -0.360931396484375, 0.2622222900390625
6.09, 0.946624755859375, -0.4215087890625, 0.346710205078125
6.1, 0.8581695556640625, -0.501190185546875, 0.4351806640625
6.11, 0.75897216796875, -0.5722198486328125, 0.5043182373046875
6.12, 0.6905670166015625, -0.5858001708984375, 0.5656890869140625
6.13, 0.6722564697265625, -0.55615234375, 0.6434783935546875
6.14, 0.750946044921875, -0.534698486328125, 0.7235565185546875
6.15, 0.775177001953125, -0.5628509521484375, 0.7228851318359375
6.16, 0.7016754150390625, -0.6578216552734375, 0.653045654296875
6.17, 0.5855865478515625, -0.752105712890625, 0.5801849365234375
6.18, 0.4463958740234375, -0.8181610107421875, 0.5449066162109375
6.19, 0.36663818359375, -0.8969879150390625, 0.62469482421875
6.2, 0.303863525390625, -0.9617462158203125, 0.7935028076171875
6.209, 0.313232421875, -1.0079803466796875, 0.98504638671875
6.219, 0.32537841796875, -1.03314208984375, 1.102386474609375
6.229, 0.3333282470703125, -1.027191162109375, 1.1099853515625
6.239, 0.3135528564453125, -1.0126800537109375, 1.0906524658203125
6.249, 0.2606964111328125, -1.03082275390625, 1.115509033203125
6.259, 0.2202911376953125, -1.0409088134765625, 1.1613922119140625
6.269, 0.2217864990234375, -1.041259765625, 1.1906890869140625
6.279, 0.1768646240234375, -1.0447540283203125, 1.21807861328125
6.289, 0.177032470703125, -1.013763427734375, 1.2490081787109375
6.299, 0.1928558349609375, -0.963043212890625, 1.31072998046875
6.309, 0.2043304443359375, -0.9160614013671875, 1.4089508056640625
6.319, 0.2192535400390625, -0.888092041015625, 1.514373779296875
6.329, 0.247772216796875, -0.818695068359375, 1.609100341796875
6.339, 0.284820556640625, -0.7614593505859375, 1.6513824462890625
6.349, 0.2964630126953125, -0.7283477783203125, 1.6226654052734375
6.359, 0.2517547607421875, -0.7149200439453125, 1.5244598388671875
6.369, 0.116729736328125, -0.7870330810546875, 1.4222869873046875
6.379, -0.0218048095703125, -0.877227783203125, 1.3675994873046875
6.389, -0.1327056884765625, -0.9283447265625, 1.361785888671875
6.399, -0.16796875, -0.9204559326171875, 1.4514617919921875
6.409, -0.1290283203125, -0.8442535400390625, 1.5334930419921875
6.419, -0.1218109130859375, -0.815521240234375, 1.583892822265625
6.429, -0.0865478515625, -0.7693023681640625, 1.511474609375
6.439, -0.0814361572265625, -0.7086181640625, 1.4475250244140625
6.449, -0.1113128662109375, -0.68548583984375, 1.415435791015625
6.459, -0.1992340087890625, -0.7156219482421875, 1.412200927734375
6.469, -0.2637176513671875, -0.7636566162109375, 1.3971405029296875
6.479, -0.261932373046875, -0.7382659912109375, 1.388336181640625
6.489, -0.191558837890625, -0.6989288330078125, 1.4295501708984375
6.499, -0.0071563720703125, -0.6255340576171875, 1.4369659423828125
6.509, 0.1652069091796875, -0.5110321044921875, 1.4046173095703125
6.518, 0.254425048828125, -0.3990478515625, 1.3665618896484375
6.528, 0.226593017578125, -0.3355255126953125, 1.3018646240234375
6.538, -0.017822265625, -0.3936004638671875, 1.24639892578125
6.548, -0.2813720703125, -0.5290679931640625, 1.2628021240234375
6.558, -0.4078369140625, -0.5665130615234375, 1.3131103515625
6.568, -0.435211181640625, -0.5122528076171875, 1.2933502197265625
6.578, -0.40545654296875, -0.419403076171875, 1.237457275390625
6.588, -0.35211181640625, -0.3002166748046875, 1.241973876953125
6.598, -0.3145904541015625, -0.1842498779296875, 1.286865234375
6.608, -0.3822784423828125, -0.15167236328125, 1.255645751953125
6.618, -0.5268402099609375, -0.159637451171875, 1.1894989013671875
6.628, -0.66131591796875, -0.155303955078125, 1.1123504638671875
6.638, -0.8288726806640625, -0.193206787109375, 1.114501953125
6.648, -0.9353179931640625, -0.2644195556640625, 1.197723388671875
6.658, -0.889801025390625, -0.2185516357421875, 1.2332000732421875
6.668, -0.8199462890625, -0.1374969482421875, 1.1800689697265625
6.678, -0.7590179443359375, -0.0807037353515625, 1.1142425537109375
6.688, -0.6806793212890625, -0.02508544921875, 1.1053619384765625
6.698, -0.6270294189453125, 0.000213623046875, 1.0921173095703125
6.708, -0.633544921875, -0.004364013671875, 1.069366455078125
6.718, -0.694000244140625, -0.042144775390625, 1.062744140625
6.728, -0.7840118408203125, -0.1329498291015625, 1.0360565185546875
6.738, -0.874542236328125, -0.208282470703125, 0.9960784912109375
6.748, -0.891326904296875, -0.23046875, 0.969573974609375
6.758, -0.8025054931640625, -0.1743316650390625, 0.9253692626953125
6.768, -0.6666412353515625, -0.09423828125, 0.8682708740234375
6.778, -0.5456390380859375, -0.0212860107421875, 0.80853271484375
6.788, -0.460906982421875, 0.034637451171875, 0.718658447265625
6.798, -0.4234619140625, 0.0654449462890625, 0.630401611328125
6.808, -0.4157867431640625, 0.076171875, 0.5792999267578125
6.818, -0.3910675048828125, 0.0804290771484375, 0.54290771484375
6.827, -0.3545989990234375, 0.0794525146484375, 0.5077667236328125
6.837, -0.329559326171875, 0.07122802734375, 0.4904327392578125
6.847, -0.30255126953125, 0.0619659423828125, 0.47796630859375
6.857, -0.2891082763671875, 0.0399017333984375, 0.4577178955078125
6.867, -0.267578125, -0.00482177734375, 0.4434661865234375
6.877, -0.18450927734375, -0.034576416015625, 0.4182891845703125
6.887, -0.0926513671875, -0.0109405517578125, 0.3667755126953125
6.897, 0.0010986328125, 0.0222625732421875, 0.309722900390625
6.907, 0.085723876953125, 0.0334930419921875, 0.2853851318359375
6.917, 0.144927978515625, 0.0152587890625, 0.2918701171875
6.927, 0.189239501953125, -0.02056884765625, 0.3089447021484375
6.937, 0.2420196533203125, -0.06182861328125, 0.327423095703125
6.947, 0.298187255859375, -0.1198883056640625, 0.3383331298828125
6.957, 0.3441314697265625, -0.1503143310546875, 0.3513946533203125
6.967, 0.3457794189453125, -0.1652374267578125, 0.3824462890625
6.977, 0.377777099609375, -0.185028076171875, 0.4324188232421875
6.987, 0.398162841796875, -0.1699676513671875, 0.482879638671875
6.997, 0.45538330078125, -0.168670654296875, 0.5099639892578125
7.007, 0.5527496337890625, -0.1670379638671875, 0.49859619140625
7.017, 0.5938262939453125, -0.1644744873046875, 0.4576568603515625
7.027, 0.600494384765625, -0.20404052734375, 0.415008544921875
7.037, 0.574554443359375, -0.2408599853515625, 0.3766021728515625
7.047, 0.5782318115234375, -0.2852630615234375, 0.3224029541015625
7.057, 0.5937042236328125, -0.3333740234375, 0.259307861328125
7.067, 0.550506591796875, -0.3513336181640625, 0.208831787109375
7.077, 0.5341033935546875, -0.3744049072265625, 0.17742919921875
7.087, 0.5427703857421875, -0.3515777587890625, 0.151580810546875
7.097, 0.5592498779296875, -0.33807373046875, 0.126312255859375
7.107, 0.6008758544921875, -0.3533935546875, 0.1152496337890625
7.117, 0.6743927001953125, -0.3551025390625, 0.098602294921875
7.127, 0.726776123046875, -0.3450927734375, 0.0550079345703125
7.136, 0.75286865234375, -0.3753814697265625, 0.008514404296875
7.146, 0.7099151611328125, -0.43365478515625, -0.018218994140625
7.156, 0.6800689697265625, -0.461181640625, -0.041015625
7.166, 0.72198486328125, -0.4593658447265625, -0.0269317626953125
7.176, 0.7876129150390625, -0.4228973388671875, 0.0535430908203125
7.186, 0.846588134765625, -0.385284423828125, 0.1410675048828125
7.196, 0.889007568359375, -0.3709564208984375, 0.196044921875
7.206, 0.946563720703125, -0.3698577880859375, 0.241546630859375
7.216, 1.0258941650390625, -0.3856201171875, 0.2585906982421875
7.226, 1.0412139892578125, -0.4264678955078125, 0.255279541015625
7.236, 1.0053558349609375, -0.4993743896484375, 0.25860595703125
7.246, 0.9511566162109375, -0.5569305419921875, 0.298126220703125
7.256, 0.885223388671875, -0.568389892578125, 0.3596343994140625
7.266, 0.8560943603515625, -0.5315399169921875, 0.422149658203125
7.276, 0.854248046875, -0.4915008544921875, 0.4566650390625
7.286, 0.7900390625, -0.506256103515625, 0.4694976806640625
7.296, 0.714202880859375, -0.5883941650390625, 0.4517822265625
7.306, 0.5995025634765625, -0.6337890625, 0.4499969482421875
7.316, 0.6150360107421875, -0.6925506591796875, 0.4971466064453125
7.326, 0.646697998046875, -0.7498016357421875, 0.6087188720703125
7.336, 0.6173858642578125, -0.81121826171875, 0.744354248046875
7.346, 0.570159912109375, -0.8768768310546875, 0.8085784912109375
7.356, 0.4867706298828125, -0.924713134765625, 0.798980712890625
7.366, 0.3456878662109375, -0.9581451416015625, 0.753173828125
7.376, 0.2633819580078125, -0.9576568603515625, 0.7015380859375
7.386, 0.2886962890625, -0.9315338134765625, 0.711639404296875
7.396, 0.3211822509765625, -0.9034881591796875, 0.7747039794921875
7.406, 0.3554534912109375, -0.92529296875, 0.8518218994140625
7.416, 0.39410400390625, -0.986785888671875, 0.8884124755859375
7.426, 0.37957763671875, -1.02667236328125, 0.8975372314453125
7.436, 0.3471221923828125, -1.0655975341796875, 0.91168212890625
7.445, 0.2770538330078125, -1.106231689453125, 0.89691162109375
7.455, 0.1883697509765625, -1.1729888916015625, 0.84527587890625
7.465, 0.0763397216796875, -1.2738800048828125, 0.880950927734375
7.475, -0.0220184326171875, -1.425750732421875, 0.94952392578125
7.485, -0.0330657958984375, -1.5023345947265625, 1.061279296875
7.495, -0.0361328125, -1.6002655029296875, 1.1364288330078125
7.505, -0.043548583984375, -1.6704254150390625, 1.14263916015625
7.515, -0.0702667236328125, -1.7418060302734375, 1.1127166748046875
7.525, -0.114593505859375, -1.7798614501953125, 1.0760040283203125
7.535, -0.136138916015625, -1.79010009765625, 1.005157470703125
7.545, -0.1069183349609375, -1.7592315673828125, 0.9447784423828125
7.555, -0.0666961669921875, -1.73388671875, 0.8669281005859375
7.565, -0.0651397705078125, -1.7386016845703125, 0.7625274658203125
7.575, -0.0663299560546875, -1.74224853515625, 0.6546630859375
7.585, -0.085235595703125, -1.7447509765625, 0.52813720703125
7.595, -0.0609588623046875, -1.740325927734375, 0.397979736328125
7.605, -0.04278564453125, -1.695953369140625, 0.297698974609375
7.615, -0.0502166748046875, -1.6455078125, 0.202911376953125
7.625, -0.030792236328125, -1.603973388671875, 0.1072235107421875
7.635, -0.0154571533203125, -1.5681304931640625, 0.0738372802734375
7.645, 0.003204345703125, -1.5191497802734375, 0.0610809326171875
7.655, 0.010223388671875, -1.4604339599609375, 0.0163421630859375
7.665, 0.02288818359375, -1.3914031982421875, -0.0667877197265625
7.675, 0.0563812255859375, -1.3228302001953125, -0.1374053955078125
7.685, 0.09808349609375, -1.2669525146484375, -0.2150115966796875
7.695, 0.1163177490234375, -1.234161376953125, -0.2974395751953125
7.705, 0.127685546875, -1.2136077880859375, -0.3575286865234375
7.715, 0.1620330810546875, -1.16998291015625, -0.425628662109375
7.725, 0.2097320556640625, -1.0944366455078125, -0.4782562255859375
7.735, 0.2687225341796875, -1.011260986328125, -0.4971923828125
7.745, 0.32952880859375, -0.931121826171875, -0.4892578125
7.754, 0.3632354736328125, -0.8736572265625, -0.4683074951171875
7.764, 0.352203369140625, -0.819488525390625, -0.47271728515625
7.774, 0.35211181640625, -0.7728118896484375, -0.4666900634765625
7.784, 0.2840728759765625, -0.7679290771484375, -0.447418212890625
7.794, 0.1864013671875, -0.72540283203125, -0.4749908447265625
7.804, 0.1530914306640625, -0.6411895751953125, -0.576446533203125
7.814, 0.1686248779296875, -0.5477294921875, -0.676025390625
7.824, 0.16461181640625, -0.49395751953125, -0.7693023681640625
7.834, 0.1524810791015625, -0.42169189453125, -0.7594757080078125
7.844, 0.177764892578125, -0.3598785400390625, -0.66705322265625
7.854, 0.1869659423828125, -0.2823944091796875, -0.5345611572265625
7.864, 0.1801300048828125, -0.2035980224609375, -0.4262847900390625
7.874, 0.1629791259765625, -0.1454315185546875, -0.34857177734375
7.884, 0.111785888671875, -0.126434326171875, -0.2663726806640625
7.894, 0.0749969482421875, -0.07916259765625, -0.2010650634765625
7.904, 0.089752197265625, -0.028045654296875, -0.135009765625
7.914, 0.113037109375, 0.0239105224609375, -0.0535888671875
7.924, 0.102203369140625, 0.05279541015625, -0.00091552734375
7.934, 0.0529937744140625, 0.01995849609375, 0.070068359375
7.944, -0.009429931640625, -0.023681640625, 0.1708526611328125
7.954, -0.0177154541015625, -0.013885498046875, 0.23370361328125
7.964, 0.025726318359375, 0.0365142822265625, 0.276123046875
7.974, 0.0707550048828125, 0.105682373046875, 0.329498291015625
7.984, 0.0685272216796875, 0.144866943359375, 0.3848724365234375
7.994, 0.02569580078125, 0.152435302734375, 0.4522857666015625
8.004, -0.018463134765625, 0.1694488525390625, 0.5052337646484375
8.014, -0.069793701171875, 0.1702423095703125, 0.5308685302734375
8.024, -0.1508636474609375, 0.1311492919921875, 0.5655670166015625
8.034, -0.238128662109375, 0.081512451171875, 0.587432861328125
8.044, -0.276275634765625, 0.0538177490234375, 0.57769775390625
8.054, -0.280975341796875, 0.0334320068359375, 0.551422119140625
8.063, -0.292877197265625, 0.0101470947265625, 0.5869598388671875
8.073, -0.2878875732421875, 0.0038604736328125, 0.6842041015625
8.083, -0.2813720703125, -0.0143890380859375, 0.8115386962890625
8.093, -0.3111419677734375, -0.0623931884765625, 0.929534912109375
8.103, -0.3686981201171875, -0.1413116455078125, 1.0231170654296875
8.113, -0.4156646728515625, -0.2061920166015625, 1.079986572265625
8.123, -0.4311981201171875, -0.2582855224609375, 1.118927001953125
8.133, -0.45867919921875, -0.2710113525390625, 1.146759033203125
8.143, -0.4950714111328125, -0.312896728515625, 1.1842803955078125
8.153, -0.4957275390625, -0.36798095703125, 1.2743682861328125
8.163, -0.4487152099609375, -0.4125518798828125, 1.353759765625
8.173, -0.40411376953125, -0.4546051025390625, 1.398529052734375
8.183, -0.33660888671875, -0.4860687255859375, 1.47430419921875
8.193, -0.22100830078125, -0.468963623046875, 1.5382843017578125
8.203, -0.113555908203125, -0.4647674560546875, 1.5814361572265625
8.213, -0.045654296875, -0.4843292236328125, 1.6339263916015625
8.223, -0.02032470703125, -0.4703826904296875, 1.690277099609375
8.233, 0.010284423828125, -0.52581787109375, 1.737457275390625
8.243, 0.0142822265625, -0.5421295166015625, 1.77337646484375
8.253, 0.0224151611328125, -0.527496337890625, 1.7481231689453125
8.263, 0.0033721923828125, -0.528228759765625, 1.6705322265625
8.273, -0.0384063720703125, -0.536102294921875, 1.568145751953125
8.283, -0.083251953125, -0.588043212890625, 1.444976806640625
8.293, -0.0948028564453125, -0.637939453125, 1.374481201171875
8.303, -0.0775146484375, -0.6743316650390625, 1.37615966796875
8.313, -0.0662994384765625, -0.71405029296875, 1.388580322265625
8.323, -0.046478271484375, -0.830078125, 1.3876190185546875
8.333, -0.035064697265625, -0.9742431640625, 1.382781982421875
8.343, -0.0264129638671875, -1.03643798828125, 1.3983001708984375
8.353, 0.012939453125, -1.01263427734375, 1.431732177734375
8.363, 0.089874267578125, -0.9402008056640625, 1.449310302734375
8.372, 0.1479034423828125, -0.871307373046875, 1.4231414794921875
8.382, 0.2136077880859375, -0.8553924560546875, 1.319122314453125
8.392, 0.2601776123046875, -0.9134368896484375, 1.2260589599609375
8.402, 0.2775115966796875, -0.9936370849609375, 1.162200927734375
8.412, 0.2687530517578125, -1.1314849853515625, 1.1123046875
8.422, 0.26922607421875, -1.2104339599609375, 1.0688934326171875
8.432, 0.2530670166015625, -1.254425048828125, 1.0487060546875
8.442, 0.24420166015625, -1.2608184814453125, 1.0285797119140625
8.452, 0.2897796630859375, -1.21240234375, 0.9935455322265625
8.462, 0.36224365234375, -1.1184539794921875, 0.93707275390625
8.472, 0.4483184814453125, -1.013763427734375, 0.8626251220703125
8.482, 0.501251220703125, -0.9438323974609375, 0.7764739990234375
8.492, 0.4166412353515625, -0.9761199951171875, 0.7215423583984375
8.502, 0.2637481689453125, -1.07049560546875, 0.714141845703125
8.512, 0.1580352783203125, -1.1278533935546875, 0.725555419921875
8.522, 0.135467529296875, -1.124237060546875, 0.730072021484375
8.532, 0.15301513671875, -1.0831298828125, 0.6560821533203125
8.542, 0.1956329345703125, -1.02520751953125, 0.5108184814453125
8.552, 0.2357025146484375, -0.977813720703125, 0.3566741943359375
8.562, 0.180419921875, -0.973876953125, 0.2356719970703125
8.572, 0.052734375, -1.0141448974609375, 0.1614227294921875
8.582, -0.18878173828125, -1.1159210205078125, 0.1771087646484375
8.592, -0.4104461669921875, -1.2425689697265625, 0.2862091064453125
8.602, -0.5050048828125, -1.2745819091796875, 0.365142822265625
8.612, -0.4956207275390625, -1.23944091796875, 0.3391571044921875
8.622, -0.4659576416015625, -1.178985595703125, 0.2630615234375
8.632, -0.477691650390625, -1.1197052001953125, 0.1781463623046875
8.642, -0.480316162109375, -1.0097198486328125, 0.0833282470703125
8.652, -0.5227203369140625, -0.913116455078125, 0.009765625
8.662, -0.7693634033203125, -0.9785919189453125, 0.002899169921875
8.672, -1.0331878662109375, -1.092864990234375, 0.0472869873046875
8.681, -1.18756103515625, -1.1246490478515625, 0.13189697265625
8.691, -1.23138427734375, -1.100616455078125, 0.169677734375
8.701, -1.2144012451171875, -1.0298309326171875, 0.1266937255859375
8.711, -1.195068359375, -0.9067535400390625, 0.05621337890625
8.721, -1.1887359619140625, -0.81951904296875, -0.03680419921875
8.731, -1.209808349609375, -0.800445556640625, -0.099853515625
8.741, -1.2083892822265625, -0.76690673828125, -0.0664215087890625
8.751, -1.1859130859375, -0.7077484130859375, 0.003021240234375
8.761, -1.0990753173828125, -0.602813720703125, 0.04888916015625
8.771, -1.031890869140625, -0.4608001708984375, 0.0368804931640625
8.781, -1.1318206787109375, -0.4453277587890625, -0.0126190185546875
8.791, -1.317657470703125, -0.5701904296875, 0.0045623779296875
8.801, -1.40203857421875, -0.5778350830078125, 0.00714111328125
8.811, -1.35198974609375, -0.514678955078125, -0.0517425537109375
8.821, -1.275787353515625, -0.376800537109375, -0.123626708984375
8.831, -1.15997314453125, -0.2109375, -0.167236328125
8.841, -1.0492095947265625, -0.061920166015625, -0.1669769287109375
8.851, -0.9362030029296875, 0.0707244873046875, -0.198272705078125
8.861, -0.85052490234375, 0.1565399169921875, -0.149749755859375
8.871, -0.8208160400390625, 0.194732666015625, 0.0146636962890625
8.881, -0.8285675048828125, 0.2592315673828125, 0.1298675537109375
8.891, -0.832916259765625, 0.274200439453125, 0.3781890869140625
8.901, -0.8831634521484375, 0.2965240478515625, 0.6318206787109375
8.911, -0.9160614013671875, 0.3392181396484375, 0.6702117919921875
8.921, -0.9087371826171875, 0.414093017578125, 0.602508544921875
8.931, -0.915924072265625, 0.508087158203125, 0.494903564453125
8.941, -0.96490478515625, 0.59912109375, 0.48193359375
8.951, -1.0354766845703125, 0.619659423828125, 0.5086822509765625
8.961, -1.16156005859375, 0.5837249755859375, 0.4912261962890625
8.971, -1.226165771484375, 0.6421051025390625, 0.543060302734375
8.981, -1.1477203369140625, 0.67266845703125, 0.78485107421875
8.99, -1.0041046142578125, 0.704071044921875, 1.110565185546875
9, -0.858306884765625, 0.7321014404296875, 1.4041900634765625
9.01, -0.7979888916015625, 0.712188720703125, 1.398895263671875
9.02, -0.91351318359375, 0.6463165283203125, 1.0458526611328125
9.03, -1.097686767578125, 0.58203125, 0.5899505615234375
9.04, -1.282684326171875, 0.5217437744140625, 0.281463623046875
9.05, -1.4417572021484375, 0.462249755859375, 0.19427490234375
9.06, -1.5992431640625, 0.320587158203125, 0.3916168212890625
9.07, -1.7870330810546875, 0.0741119384765625, 0.6576690673828125
9.08, -1.8617401123046875, -0.072113037109375, 0.780670166015625
9.09, -1.9065093994140625, -0.1336669921875, 0.808380126953125
9.1, -1.93743896484375, -0.181060791015625, 0.7852020263671875
9.11, -1.89459228515625, -0.1666412353515625, 0.791229248046875
9.12, -1.861358642578125, -0.168670654296875, 0.806915283203125
9.13, -1.9044647216796875, -0.282135009765625, 0.8168182373046875
9.14, -1.9524383544921875, -0.4051361083984375, 0.9388275146484375
9.15, -1.9769134521484375, -0.4649658203125, 1.0936431884765625
9.16, -1.9361114501953125, -0.4653167724609375, 1.1361083984375
9.17, -1.9033203125, -0.45660400390625, 1.0893096923828125
9.18, -1.8250885009765625, -0.45391845703125, 1.021240234375
9.19, -1.7703857421875, -0.400482177734375, 0.9234771728515625
9.2, -1.6750946044921875, -0.3393096923828125, 0.76220703125
9.21, -1.5777587890625, -0.3249969482421875, 0.5523529052734375
9.22, -1.4454193115234375, -0.2394866943359375, 0.4223785400390625
9.23, -1.3419952392578125, -0.2488250732421875, 0.3710174560546875
9.24, -1.290191650390625, -0.2983856201171875, 0.362945556640625
9.25, -1.3256988525390625, -0.25152587890625, 0.3777618408203125
9.26, -1.3828887939453125, -0.241973876953125, 0.416259765625
9.27, -1.313232421875, -0.0057373046875, 0.3801422119140625
9.28, -1.0199432373046875, 0.3191986083984375, 0.1701507568359375
9.29, -0.8239288330078125, 0.4106292724609375, 0.0387420654296875
9.299, -0.6637115478515625, 0.5301361083984375, -0.0816650390625
9.309, -0.4345245361328125, 0.579010009765625, -0.21087646484375
9.319, -0.3018646240234375, 0.64410400390625, -0.3735198974609375
9.329, -0.06982421875, 0.6098785400390625, -0.5309906005859375
9.339, 0.05926513671875, 0.5258331298828125, -0.5037384033203125
9.349, 0.0345916748046875, 0.464508056640625, -0.447509765625
9.359, 0.0926666259765625, 0.449493408203125, -0.5873260498046875
9.369, 0.2120208740234375, 0.49993896484375, -0.74798583984375
9.379, 0.1215057373046875, 0.369171142578125, -0.82598876953125
9.389, -0.0604400634765625, 0.2924041748046875, -0.851593017578125
9.399, -0.19482421875, 0.25946044921875, -0.937255859375
9.409, -0.118072509765625, 0.3189697265625, -1.103729248046875
9.419, 0.1751708984375, 0.3672943115234375, -1.3145904541015625
9.429, 0.4192657470703125, 0.4409637451171875, -1.450531005859375
9.439, 0.7039794921875, 0.495941162109375, -1.5906982421875
9.449, 0.81134033203125, 0.4351043701171875, -1.5627288818359375
9.459, 0.7510223388671875, 0.3195037841796875, -1.3568267822265625
9.469, 0.4971466064453125, 0.1392974853515625, -1.107513427734375
9.479, 0.262908935546875, -0.057861328125, -1.0532684326171875
9.489, 0.115020751953125, -0.215362548828125, -1.04766845703125
9.499, 0.05499267578125, -0.2778472900390625, -1.0124664306640625
9.509, 0.1407928466796875, -0.262969970703125, -1.06634521484375
9.519, 0.202484130859375, -0.28814697265625, -1.1388092041015625
9.529, 0.2870330810546875, -0.326324462890625, -1.2413787841796875
9.539, 0.3224029541015625, -0.31964111328125, -1.2575836181640625
9.549, 0.36859130859375, -0.3513031005859375, -1.1576995849609375
9.559, 0.386016845703125, -0.3523101806640625, -0.9962310791015625
9.569, 0.3616943359375, -0.402618408203125, -0.8135223388671875
9.579, 0.440521240234375, -0.416168212890625, -0.71685791015625
9.589, 0.515869140625, -0.4319305419921875, -0.7115020751953125
9.599, 0.5765228271484375, -0.490631103515625, -0.8074951171875
9.608, 0.6963348388671875, -0.4567413330078125, -0.868927001953125
9.618, 0.712066650390625, -0.5086822509765625, -0.7983551025390625
9.628, 0.7449493408203125, -0.527740478515625, -0.7566070556640625
9.638, 0.8950653076171875, -0.486968994140625, -0.7529449462890625
9.648, 1.0362548828125, -0.4767913818359375, -0.6815338134765625
9.658, 1.1822662353515625, -0.45135498046875, -0.60052490234375
9.668, 1.3475189208984375, -0.4072113037109375, -0.497772216796875
9.678, 1.518218994140625, -0.3440704345703125, -0.3928375244140625
9.688, 1.7261199951171875, -0.2423553466796875, -0.4265289306640625
9.698, 1.9372406005859375, -0.1626434326171875, -0.4841766357421875
9.708, 2.029754638671875, -0.0783538818359375, -0.56573486328125
9.718, 2.0847320556640625, -0.056121826171875, -0.8476104736328125
9.728, 2.0342559814453125, -0.048553466796875, -1.1180267333984375
9.738, 1.8602294921875, -0.0292205810546875, -1.2808380126953125
9.748, 1.636199951171875, -0.05072021484375, -1.3756256103515625
9.758, 1.4023895263671875, -0.0984039306640625, -1.320831298828125
9.768, 1.235809326171875, -0.0605621337890625, -1.2010498046875
9.778, 1.1894683837890625, -0.034912109375, -1.153839111328125
9.788, 1.214569091796875, -0.027587890625, -1.089385986328125
9.798, 1.149200439453125, 0.0570831298828125, -1.1640167236328125
9.808, 1.072967529296875, 0.122589111328125, -1.202301025390625
9.818, 1.059173583984375, 0.1881866455078125, -1.3486328125
9.828, 0.9591522216796875, 0.30548095703125, -1.4049530029296875
9.838, 0.7608795166015625, 0.4417572021484375, -1.1251220703125
9.848, 0.5850830078125, 0.5511627197265625, -0.8730316162109375
9.858, 0.3906707763671875, 0.58990478515625, -0.6949920654296875
9.868, 0.2513427734375, 0.589111328125, -0.6303863525390625
9.878, 0.1412353515625, 0.5627899169921875, -0.5930633544921875
9.888, 0.0294952392578125, 0.613250732421875, -0.4804840087890625
9.898, 0.0037384033203125, 0.6104736328125, -0.267486572265625
9.908, 0.0844879150390625, 0.5511016845703125, 0.1429290771484375
9.917, 0.224761962890625, 0.49078369140625, 0.4294586181640625
9.927, 0.27117919921875, 0.474151611328125, 0.6746673583984375
9.937, 0.20709228515625, 0.4473114013671875, 0.757293701171875
9.947, 0.02984619140625, 0.3916015625, 0.7234954833984375
9.957, -0.167510986328125, 0.329681396484375, 0.64312744140625
9.967, -0.3984527587890625, 0.24530029296875, 0.68121337890625
9.977, -0.6529998779296875, 0.188568115234375, 0.70477294921875
9.987, -0.742462158203125, 0.0888824462890625, 0.6558685302734375
9.997, -0.83953857421875, 0.0275726318359375, 0.6944580078125
10.007, -0.85955810546875, -0.0066375732421875, 0.7144927978515625
10.017, -0.854461669921875, 0.0101470947265625, 0.8258819580078125
10.027, -0.8624420166015625, 0.08740234375, 0.9176483154296875
10.037, -0.835601806640625, 0.2013702392578125, 0.9279022216796875
10.047, -0.8705291748046875, 0.4273834228515625, 0.8473663330078125
10.057, -0.72747802734375, 0.5324554443359375, 0.69696044921875
10.067, -0.666351318359375, 0.691162109375, 0.4889068603515625
10.077, -0.67218017578125, 0.76837158203125, 0.346221923828125
10.087, -0.79986572265625, 0.7574615478515625, 0.3264007568359375
10.097, -0.9559783935546875, 0.696258544921875, 0.43939208984375
10.107, -1.100860595703125, 0.586517333984375, 0.5557861328125
10.117, -1.2225799560546875, 0.5430450439453125, 0.6886444091796875
10.127, -1.2672119140625, 0.4149627685546875, 0.6116485595703125
10.137, -1.3436126708984375, 0.259002685546875, 0.5118865966796875
10.147, -1.413421630859375, 0.1186676025390625, 0.4034423828125
10.157, -1.4661865234375, -0.0490875244140625, 0.2673492431640625
10.167, -1.5672607421875, -0.076507568359375, 0.2361907958984375
10.177, -1.585052490234375, -0.08441162109375, 0.09625244140625
10.187, -1.5916748046875, -0.0072174072265625, 0.0647430419921875
10.197, -1.586456298828125, 0.1119842529296875, 0.07574462890625
10.207, -1.5106353759765625, 0.2118377685546875, 0.1352081298828125
10.217, -1.44549560546875, 0.28411865234375, 0.17608642578125
10.226, -1.3592529296875, 0.3461151123046875, 0.1998443603515625
10.236, -1.23779296875, 0.3286590576171875, 0.2498779296875
10.246, -1.16534423828125, 0.2560272216796875, 0.2861480712890625
10.256, -1.1178741455078125, 0.139129638671875, 0.303070068359375
10.266, -1.0768585205078125, -0.0174560546875, 0.311981201171875
10.276, -1.0203094482421875, -0.1444549560546875, 0.344390869140625
10.286, -1.05029296875, -0.284149169921875, 0.3351287841796875
10.296, -1.1098785400390625, -0.43536376953125, 0.2538909912109375
10.306, -1.120147705078125, -0.55108642578125, 0.185028076171875
10.316, -1.0935211181640625, -0.6015777587890625, 0.0989990234375
10.326, -1.0632171630859375, -0.5926513671875, -0.0175933837890625
10.336, -0.976043701171875, -0.593658447265625, -0.1907501220703125
10.346, -0.857391357421875, -0.5405426025390625, -0.362884521484375
10.356, -0.7534332275390625, -0.500213623046875, -0.50042724609375
10.366, -0.681854248046875, -0.5364990234375, -0.5812835693359375
10.376, -0.712005615234375, -0.6753387451171875, -0.5904388427734375
10.386, -0.77789306640625, -0.8753509521484375, -0.4892120361328125
10.396, -0.798583984375, -1.03399658203125, -0.43359375
10.406, -0.713653564453125, -1.109954833984375, -0.4124298095703125
10.416, -0.6724090576171875, -1.1273193359375, -0.36370849609375
10.426, -0.6016082763671875, -1.0885009765625, -0.4001617431640625
10.436, -0.498016357421875, -1.0836334228515625, -0.4824371337890625
10.446, -0.479278564453125, -1.0747833251953125, -0.491424560546875
10.456, -0.481048583984375, -1.1163177490234375, -0.475677490234375
10.466, -0.496795654296875, -1.1596527099609375, -0.5108795166015625
10.476, -0.44732666015625, -1.0822296142578125, -0.493865966796875
10.486, -0.3557586669921875, -1.0100250244140625, -0.3086700439453125
10.496, -0.4779052734375, -1.0470733642578125, -0.3366851806640625
10.506, -0.626190185546875, -1.0336151123046875, -0.442230224609375
10.516, -0.751556396484375, -0.9712371826171875, -0.4995880126953125
10.526, -0.8786163330078125, -1.0180206298828125, -0.4730224609375
10.535, -0.899444580078125, -0.9759063720703125, -0.5562896728515625
10.545, -0.7753448486328125, -0.7939605712890625, -0.7400360107421875
10.555, -0.66094970703125, -0.760223388671875, -0.8343353271484375
10.565, -0.680450439453125, -0.820281982421875, -0.9013519287109375
10.575, -0.8136749267578125, -0.8817901611328125, -0.88348388671875
10.585, -1.02459716796875, -0.99346923828125, -0.64056396484375
10.595, -1.217864990234375, -1.057098388671875, -0.4421539306640625
10.605, -1.2453460693359375, -0.97406005859375, -0.497100830078125
10.615, -1.1073760986328125, -0.7918548583984375, -0.5517730712890625
10.625, -0.883453369140625, -0.5911712646484375, -0.5819549560546875
10.635, -0.672607421875, -0.406982421875, -0.734619140625
10.645, -0.6011962890625, -0.30694580078125, -0.8638916015625
10.655, -0.5114288330078125, -0.2419891357421875, -0.9010009765625
10.665, -0.4430084228515625, -0.17791748046875, -0.9297027587890625
10.675, -0.4745025634765625, -0.1679534912109375, -0.940032958984375
10.685, -0.644989013671875, -0.2271270751953125, -0.8671417236328125
10.695, -0.79278564453125, -0.2770233154296875, -0.8734130859375
10.705, -0.7794342041015625, -0.24847412109375, -1.009735107421875
10.715, -0.6714935302734375, -0.164459228515625, -1.213348388671875
10.725, -0.548095703125, -0.0196075439453125, -1.3761749267578125
10.735, -0.3869476318359375, 0.147857666015625, -1.3853607177734375
10.745, -0.2462310791015625, 0.3065185546875, -1.2071380615234375
10.755, -0.1362762451171875, 0.3493194580078125, -1.05450439453125
10.765, -0.00579833984375, 0.3475799560546875, -0.9532012939453125
10.775, 0.123809814453125, 0.3136444091796875, -0.83367919921875
10.785, 0.21343994140625, 0.2399749755859375, -0.7721099853515625
10.795, 0.29180908203125, 0.1517791748046875, -0.8087921142578125
10.805, 0.3575439453125, 0.0294952392578125, -0.8931121826171875
10.815, 0.4153900146484375, -0.0627593994140625, -0.9258880615234375
10.825, 0.5171661376953125, -0.124755859375, -0.9352264404296875
10.835, 0.612335205078125, -0.1693572998046875, -0.993072509765625
10.844, 0.7135772705078125, -0.2100372314453125, -1.0883026123046875
10.854, 0.7947998046875, -0.26751708984375, -1.1106109619140625
10.864, 0.861480712890625, -0.32354736328125, -1.0781402587890625
10.874, 0.9110260009765625, -0.38958740234375, -1.03131103515625
10.884, 0.92767333984375, -0.4687042236328125, -0.89068603515625
10.894, 0.921722412109375, -0.544189453125, -0.76580810546875
10.904, 0.8952789306640625, -0.637603759765625, -0.6844635009765625
10.914, 0.800994873046875, -0.7231903076171875, -0.54217529296875
10.924, 0.722869873046875, -0.8159027099609375, -0.461639404296875
10.934, 0.6707611083984375, -0.8975982666015625, -0.4599609375
10.944, 0.64453125, -0.9427337646484375, -0.547332763671875
10.954, 0.67578125, -1.004058837890625, -0.62847900390625
10.964, 0.695556640625, -1.0353546142578125, -0.443145751953125
10.974, 0.678070068359375, -1.010162353515625, -0.1153411865234375
10.984, 0.645233154296875, -0.9843902587890625, 0.06414794921875
10.994, 0.6849365234375, -1.06451416015625, 0.106353759765625
11.004, 0.70477294921875, -1.09857177734375, 0.2027130126953125
11.014, 0.6599884033203125, -1.0581512451171875, 0.210357666015625
11.024, 0.6091156005859375, -1.04925537109375, 0.0863037109375
11.034, 0.4664459228515625, -1.096405029296875, 0.073211669921875
11.044, 0.278656005859375, -1.125091552734375, -0.0073699951171875
11.054, 0.1272735595703125, -1.1156158447265625, -0.217926025390625
11.064, 0.018341064453125, -1.0510406494140625, -0.3780364990234375
11.074, -0.051055908203125, -0.9471893310546875, -0.4739532470703125
11.084, -0.0695037841796875, -0.810333251953125, -0.4814910888671875
11.094, -0.0128173828125, -0.6760711669921875, -0.298370361328125
11.104, 0.05535888671875, -0.584808349609375, -0.00299072265625
11.114, 0.052032470703125, -0.4730072021484375, 0.0712738037109375
11.124, 0.02935791015625, -0.4322662353515625, -0.0363616943359375
11.134, -0.0159759521484375, -0.411224365234375, -0.169677734375
11.144, -0.068328857421875, -0.2908782958984375, -0.2602996826171875
11.153, -0.0473175048828125, -0.1413116455078125, -0.2787628173828125
11.163, 0.0059814453125, -0.0030975341796875, -0.239105224609375
11.173, 0.0394287109375, 0.1472320556640625, -0.21343994140625
11.183, 0.0221710205078125, 0.2915191650390625, -0.2326202392578125
11.193, -0.0047149658203125, 0.4125213623046875, -0.2529144287109375
11.203, -0.04498291015625, 0.50103759765625, -0.1920928955078125
11.213, -0.07525634765625, 0.55523681640625, -0.051788330078125
11.223, -0.0765380859375, 0.5526123046875, 0.1713714599609375
11.233, -0.12921142578125, 0.5042266845703125, 0.357940673828125
11.243, -0.2161102294921875, 0.44970703125, 0.4518890380859375
11.253, -0.3135223388671875, 0.41656494140625, 0.3853302001953125
11.263, -0.3754425048828125, 0.3817901611328125, 0.3179168701171875
11.273, -0.4457550048828125, 0.3968505859375, 0.2750396728515625
11.283, -0.5186004638671875, 0.4292449951171875, 0.229339599609375
11.293, -0.6002960205078125, 0.4210205078125, 0.232574462890625
11.303, -0.6567230224609375, 0.4201202392578125, 0.2913360595703125
11.313, -0.674774169921875, 0.4356231689453125, 0.36053466796875
11.323, -0.6877899169921875, 0.4522247314453125, 0.4889068603515625
11.333, -0.7115020751953125, 0.4517822265625, 0.646820068359375
11.343, -0.7853546142578125, 0.468048095703125, 0.707305908203125
11.353, -0.8626556396484375, 0.50811767578125, 0.6934661865234375
11.363, -0.914794921875, 0.550201416015625, 0.689117431640625
11.373, -0.973114013671875, 0.59820556640625, 0.7030487060546875
11.383, -1.0263824462890625, 0.6649017333984375, 0.694091796875
11.393, -1.0835418701171875, 0.7066650390625, 0.654541015625
11.403, -1.152740478515625, 0.737945556640625, 0.6337890625
11.413, -1.2373504638671875, 0.7593536376953125, 0.6513671875
11.423, -1.35662841796875, 0.7637481689453125, 0.69183349609375
11.433, -1.427520751953125, 0.7604522705078125, 0.687774658203125
11.443, -1.5394744873046875, 0.71636962890625, 0.6884918212890625
11.453, -1.633636474609375, 0.654510498046875, 0.7053680419921875
11.462, -1.701690673828125, 0.5971832275390625, 0.7279052734375
11.472, -1.7680511474609375, 0.526885986328125, 0.7537841796875
11.482, -1.7980499267578125, 0.4720001220703125, 0.783966064453125
11.492, -1.7777862548828125, 0.4340667724609375, 0.771240234375
11.502, -1.7500152587890625, 0.4068603515625, 0.7400970458984375
11.512, -1.7463836669921875, 0.3977813720703125, 0.7164154052734375
11.522, -1.7827606201171875, 0.359710693359375, 0.6895751953125
11.532, -1.8378753662109375, 0.3146514892578125, 0.6557464599609375
11.542, -1.8621978759765625, 0.2690582275390625, 0.633270263671875
11.552, -1.8754425048828125, 0.2281036376953125, 0.6417083740234375
11.562, -1.811676025390625, 0.191314697265625, 0.6383819580078125
11.572, -1.7265167236328125, 0.1561126708984375, 0.6103057861328125
11.582, -1.6656951904296875, 0.106719970703125, 0.5826873779296875
11.592, -1.5892333984375, 0.0521697998046875, 0.5656585693359375
11.602, -1.52978515625, 0.0185546875, 0.5626983642578125
11.612, -1.516143798828125, -0.0301666259765625, 0.5710601806640625
11.622, -1.512786865234375, -0.091522216796875, 0.586944580078125
11.632, -1.5048065185546875, -0.1285552978515625, 0.5967254638671875
11.642, -1.4856109619140625, -0.157196044921875, 0.5760498046875
11.652, -1.4552764892578125, -0.183624267578125, 0.5032501220703125
11.662, -1.41619873046875, -0.1676788330078125, 0.4410400390625
11.672, -1.31036376953125, -0.1538848876953125, 0.3554534912109375
11.682, -1.2598876953125, -0.1522979736328125, 0.2968902587890625
11.692, -1.199737548828125, -0.221588134765625, 0.348236083984375
11.702, -1.1757965087890625, -0.3485260009765625, 0.400390625
11.712, -1.1652069091796875, -0.4870147705078125, 0.490570068359375
11.722, -1.10687255859375, -0.5566864013671875, 0.6275177001953125
11.732, -1.0559539794921875, -0.546478271484375, 0.7401275634765625
11.742, -0.959747314453125, -0.473785400390625, 0.7870635986328125
11.752, -0.845428466796875, -0.4232635498046875, 0.7977142333984375
11.762, -0.7208404541015625, -0.3557586669921875, 0.7433013916015625
11.771, -0.598480224609375, -0.2447967529296875, 0.5760040283203125
11.781, -0.488067626953125, -0.21875, 0.3899383544921875
11.791, -0.381134033203125, -0.318328857421875, 0.2356719970703125
11.801, -0.34002685546875, -0.4647216796875, 0.1411895751953125
11.811, -0.36456298828125, -0.604949951171875, 0.097320556640625
11.821, -0.3646697998046875, -0.7366943359375, 0.0803070068359375
11.831, -0.3281707763671875, -0.79925537109375, 0.108856201171875
11.841, -0.2991943359375, -0.7875518798828125, 0.1438446044921875
11.851, -0.249267578125, -0.7057037353515625, 0.12408447265625
11.861, -0.129425048828125, -0.5378570556640625, -0.0001373291015625
11.871, -0.019683837890625, -0.39697265625, -0.1165771484375
11.881, 0.034515380859375, -0.341583251953125, -0.2571258544921875
11.891, 0.0145416259765625, -0.29559326171875, -0.4353485107421875
11.901, 0.0090789794921875, -0.2512054443359375, -0.65765380859375
11.911, 0.007049560546875, -0.243011474609375, -0.8343658447265625
11.921, 0.0011138916015625, -0.241302490234375, -0.94842529296875
11.931, -0.0170745849609375, -0.234222412109375, -1.0056610107421875
11.941, 0.0130767822265625, -0.2148590087890625, -0.983917236328125
11.951, 0.107452392578125, -0.149749755859375, -0.872100830078125
11.961, 0.1968841552734375, -0.108367919921875, -0.735260009765625
11.971, 0.1844024658203125, -0.0551605224609375, -0.7499542236328125
11.981, 0.08013916015625, 0.009552001953125, -0.9844970703125
11.991, 0.055389404296875, 0.0897064208984375, -1.2417144775390625
12.001, 0.0943756103515625, 0.1400909423828125, -1.4572906494140625
12.011, 0.1679229736328125, 0.15277099609375, -1.567596435546875
12.021, 0.235870361328125, 0.1448516845703125, -1.59149169921875
12.031, 0.228271484375, 0.128692626953125, -1.529052734375
12.041, 0.1779632568359375, 0.0751953125, -1.4053955078125
12.051, 0.095947265625, -0.046630859375, -1.27215576171875
12.061, 0.0514068603515625, -0.1521759033203125, -1.1830902099609375
12.071, 0.0516815185546875, -0.1829986572265625, -1.1470794677734375
12.08, 0.1149444580078125, -0.1611785888671875, -1.15826416015625
12.09, 0.194061279296875, -0.1480865478515625, -1.1788177490234375
12.1, 0.241851806640625, -0.1492767333984375, -1.1993408203125
12.11, 0.2774810791015625, -0.160614013671875, -1.2071075439453125
12.12, 0.2904815673828125, -0.18017578125, -1.1812744140625
12.13, 0.299560546875, -0.2115631103515625, -1.1265411376953125
12.14, 0.28875732421875, -0.2516326904296875, -1.0994110107421875
12.15, 0.2418365478515625, -0.2784423828125, -1.126251220703125
12.16, 0.196685791015625, -0.3122406005859375, -1.144195556640625
12.17, 0.14971923828125, -0.359893798828125, -1.1487579345703125
12.18, 0.0958251953125, -0.4042816162109375, -1.150665283203125
12.19, 0.0999755859375, -0.412322998046875, -1.1696929931640625
12.2, 0.143768310546875, -0.3991546630859375, -1.1729888916015625
12.21, 0.1954345703125, -0.38818359375, -1.145660400390625
12.22, 0.22601318359375, -0.4016265869140625, -1.08563232421875
12.23, 0.232208251953125, -0.43243408203125, -0.9860076904296875
12.24, 0.20947265625, -0.4897918701171875, -0.877716064453125
12.25, 0.143341064453125, -0.57354736328125, -0.781951904296875
12.26, 0.0509033203125, -0.6754302978515625, -0.712982177734375
12.27, -0.02630615234375, -0.7727813720703125, -0.668609619140625
12.28, -0.0671234130859375, -0.83673095703125, -0.6440887451171875
12.29, -0.0479583740234375, -0.8464508056640625, -0.636199951171875
12.3, -0.01763916015625, -0.815887451171875, -0.6421661376953125
12.31, 0.0167083740234375, -0.7645111083984375, -0.651824951171875
12.32, 0.0274658203125, -0.73663330078125, -0.658233642578125
12.33, -0.0009918212890625, -0.727752685546875, -0.669281005859375
12.34, -0.0311126708984375, -0.7290802001953125, -0.6776123046875
12.35, -0.0665740966796875, -0.7393035888671875, -0.6870880126953125
12.36, -0.099761962890625, -0.74267578125, -0.6948699951171875
12.37, -0.099761962890625, -0.7327880859375, -0.7009735107421875
12.38, -0.066436767578125, -0.704681396484375, -0.6998138427734375
12.389, -0.030731201171875, -0.674407958984375, -0.6942138671875
12.399, 0.000335693359375, -0.62994384765625, -0.73016357421875
12.409, -0.091949462890625, -0.6443023681640625, -0.7915802001953125
12.419, -0.082977294921875, -0.70806884765625, -0.802520751953125
12.429, -0.089019775390625, -0.6604461669921875, -0.8101348876953125
12.439, -0.062896728515625, -0.6598968505859375, -0.87969970703125
12.449, 0.0315399169921875, -0.61517333984375, -0.8795013427734375
12.459, 0.0522918701171875, -0.592315673828125, -0.8313140869140625
12.469, 0.0971832275390625, -0.583709716796875, -0.806243896484375
12.479, 0.12127685546875, -0.5890960693359375, -0.7631988525390625
12.489, 0.1290740966796875, -0.583984375, -0.7472991943359375
12.499, 0.134735107421875, -0.5651092529296875, -0.7292022705078125
12.509, 0.1470947265625, -0.5456085205078125, -0.7377471923828125
12.519, 0.1820526123046875, -0.5078277587890625, -0.759185791015625
12.529, 0.2111053466796875, -0.4630584716796875, -0.7804718017578125
12.539, 0.2312774658203125, -0.4337921142578125, -0.7958221435546875
12.549, 0.210296630859375, -0.43939208984375, -0.8002777099609375
12.559, 0.15863037109375, -0.484344482421875, -0.79058837890625
12.569, 0.091278076171875, -0.531829833984375, -0.7695465087890625
12.579, 0.0394287109375, -0.580047607421875, -0.752105712890625
12.589, 0.0092010498046875, -0.61480712890625, -0.739013671875
12.599, -0.0084228515625, -0.63214111328125, -0.72509765625
12.609, -0.02520751953125, -0.6359405517578125, -0.7339324951171875
12.619, -0.0243377685546875, -0.63116455078125, -0.746307373046875
12.629, -0.0113067626953125, -0.618988037109375, -0.76043701171875
12.639, -0.00018310546875, -0.60894775390625, -0.7631072998046875
12.649, -0.0033416748046875, -0.60406494140625, -0.77447509765625
12.659, -0.006622314453125, -0.603302001953125, -0.7889862060546875
12.669, -0.005828857421875, -0.604949951171875, -0.7889862060546875
12.679, 0.0021209716796875, -0.6060943603515625, -0.7794647216796875
12.689, 0.009368896484375, -0.6052398681640625, -0.7702789306640625
12.698, 0.014373779296875, -0.6043243408203125, -0.7720947265625
12.708, 0.0237884521484375, -0.604217529296875, -0.767242431640625
12.718, 0.0309906005859375, -0.5992889404296875, -0.760528564453125
12.728, 0.0313720703125, -0.601654052734375, -0.7747802734375
12.738, 0.031524658203125, -0.5912322998046875, -0.79083251953125
12.748, -0.02520751953125, -0.5903778076171875, -0.773773193359375
12.758, -0.045135498046875, -0.6447906494140625, -0.8455657958984375
12.768, -0.0664825439453125, -0.6299285888671875, -0.8784637451171875
12.778, -0.076141357421875, -0.625030517578125, -0.918914794921875
12.788, -0.059234619140625, -0.6254119873046875, -0.9098968505859375
12.798, -0.031158447265625, -0.5987701416015625, -0.8779754638671875
12.808, 0.00006103515625, -0.5709228515625, -0.856109619140625
12.818, 0.017578125, -0.552734375, -0.846466064453125
12.828, 0.026123046875, -0.547943115234375, -0.8409423828125
12.838, 0.0299530029296875, -0.547943115234375, -0.85028076171875
12.848, 0.0334014892578125, -0.541900634765625, -0.861297607421875
12.858, 0.036834716796875, -0.53448486328125, -0.8576812744140625
12.868, 0.03082275390625, -0.5381317138671875, -0.8536224365234375
12.878, 0.0152740478515625, -0.5431976318359375, -0.85357666015625
12.888, 0.008514404296875, -0.5518035888671875, -0.8536529541015625
12.898, 0.0113983154296875, -0.552520751953125, -0.84405517578125
12.908, 0.007720947265625, -0.54974365234375, -0.838775634765625
12.918, 0.0064697265625, -0.55145263671875, -0.8345489501953125
12.928, 0.0216064453125, -0.5443572998046875, -0.8265380859375
12.938, 0.052215576171875, -0.5237274169921875, -0.817230224609375
12.948, 0.09918212890625, -0.4818267822265625, -0.8087158203125
12.958, 0.1093902587890625, -0.46771240234375, -0.8157958984375
12.968, 0.1094970703125, -0.4679107666015625, -0.8453521728515625
12.978, 0.1073455810546875, -0.4766082763671875, -0.868011474609375
12.988, 0.1082305908203125, -0.47772216796875, -0.8605804443359375
12.998, 0.0954437255859375, -0.490142822265625, -0.8620758056640625
13.007, 0.0850830078125, -0.51055908203125, -0.8740081787109375
13.017, 0.0847320556640625, -0.5128631591796875, -0.86834716796875
13.027, 0.0838775634765625, -0.5172576904296875, -0.8558197021484375
13.037, 0.0741424560546875, -0.5283660888671875, -0.8468017578125
13.047, 0.062652587890625, -0.53533935546875, -0.8452301025390625
13.057, 0.0589447021484375, -0.5367431640625, -0.8435821533203125
13.067, 0.0555419921875, -0.541748046875, -0.8282928466796875
13.077, 0.0433349609375, -0.5528564453125, -0.80426025390625
13.087, 0.0348968505859375, -0.56048583984375, -0.7817230224609375
13.097, 0.0276947021484375, -0.5722503662109375, -0.7629241943359375
13.107, 0.0151519775390625, -0.5850830078125, -0.756103515625
13.117, 0.001800537109375, -0.5968780517578125, -0.763031005859375
13.127, -0.0090179443359375, -0.596954345703125, -0.765045166015625
13.137, -0.0231475830078125, -0.598785400390625, -0.7727508544921875
13.147, -0.0344390869140625, -0.597381591796875, -0.8006134033203125
13.157, -0.0276947021484375, -0.587158203125, -0.8289337158203125
13.167, -0.0107269287109375, -0.5678558349609375, -0.84051513671875
13.177, 0.00445556640625, -0.54461669921875, -0.8560791015625
13.187, 0.0192718505859375, -0.5343780517578125, -0.875213623046875
13.197, 0.02667236328125, -0.531982421875, -0.884979248046875
13.207, 0.0251312255859375, -0.5322113037109375, -0.8904266357421875
13.217, 0.0241851806640625, -0.5366058349609375, -0.88897705078125
13.227, 0.0230560302734375, -0.5421142578125, -0.883087158203125
13.237, 0.0213165283203125, -0.5436553955078125, -0.874114990234375
13.247, 0.01739501953125, -0.542388916015625, -0.87139892578125
13.257, 0.021697998046875, -0.5424346923828125, -0.8669891357421875
13.267, 0.0214080810546875, -0.543365478515625, -0.8595428466796875
13.277, 0.0142669677734375, -0.54449462890625, -0.8534698486328125
13.287, 0.00750732421875, -0.5460052490234375, -0.8473663330078125
13.297, 0.0024566650390625, -0.548309326171875, -0.8504791259765625
13.307, 0.004425048828125, -0.546539306640625, -0.8584136962890625
13.316, 0.00640869140625, -0.5444793701171875, -0.8623809814453125
13.326, 0.0035400390625, -0.545806884765625, -0.859039306640625
13.336, 0.0102996826171875, -0.5453033447265625, -0.8569488525390625
13.346, 0.0228729248046875, -0.542449951171875, -0.8452606201171875
13.356, 0.0304107666015625, -0.538421630859375, -0.8314971923828125
13.366, 0.037322998046875, -0.53521728515625, -0.8321685791015625
13.376, 0.0391693115234375, -0.531982421875, -0.8450927734375
13.386, 0.049835205078125, -0.522674560546875, -0.85125732421875
13.396, 0.06121826171875, -0.5166778564453125, -0.851470947265625
13.406, 0.062530517578125, -0.506439208984375, -0.86077880859375
13.416, 0.0809783935546875, -0.488525390625, -0.8700714111328125
13.426, 0.1024169921875, -0.47137451171875, -0.872344970703125
13.436, 0.1125946044921875, -0.466552734375, -0.85858154296875
13.446, 0.111907958984375, -0.466583251953125, -0.8429107666015625
13.456, 0.112884521484375, -0.47119140625, -0.834259033203125
13.466, 0.117462158203125, -0.472564697265625, -0.84381103515625
13.476, 0.111846923828125, -0.468231201171875, -0.8401947021484375
13.486, 0.1112060546875, -0.4731903076171875, -0.8533935546875
13.496, 0.108123779296875, -0.482086181640625, -0.8646087646484375
13.506, 0.085693359375, -0.495513916015625, -0.855804443359375
13.516, 0.06494140625, -0.5138702392578125, -0.8526611328125
13.526, 0.043609619140625, -0.535308837890625, -0.8447723388671875
13.536, 0.017974853515625, -0.565887451171875, -0.82977294921875
13.546, -0.027435302734375, -0.6148681640625, -0.79693603515625
13.556, -0.1078643798828125, -0.7023468017578125, -0.7225189208984375
13.566, -0.129302978515625, -0.71148681640625, -0.7279205322265625
13.576, -0.1114349365234375, -0.6952056884765625, -0.742889404296875
13.586, -0.0966644287109375, -0.685821533203125, -0.733123779296875
13.596, -0.101593017578125, -0.665283203125, -0.74444580078125
13.606, -0.1015777587890625, -0.6522674560546875, -0.757720947265625
13.616, -0.093109130859375, -0.644317626953125, -0.7579803466796875
13.625, -0.0869903564453125, -0.63726806640625, -0.744903564453125
13.635, -0.07733154296875, -0.6379852294921875, -0.72857666015625
13.645, -0.0709075927734375, -0.6406097412109375, -0.722625732421875
13.655, -0.0616607666015625, -0.6378021240234375, -0.73065185546875
13.665, -0.0530548095703125, -0.6317291259765625, -0.750640869140625
13.675, -0.0497589111328125, -0.630950927734375, -0.7620697021484375
13.685, -0.054168701171875, -0.6355743408203125, -0.770904541015625
13.695, -0.069671630859375, -0.6465911865234375, -0.7761993408203125
13.705, -0.081817626953125, -0.6564483642578125, -0.775115966796875
13.715, -0.1066436767578125, -0.6726531982421875, -0.7691802978515625
13.725, -0.090576171875, -0.6678924560546875, -0.7650146484375
13.735, -0.0678253173828125, -0.636932373046875, -0.7625732421875
13.745, -0.0455474853515625, -0.60882568359375, -0.7611083984375
13.755, -0.02410888671875, -0.585845947265625, -0.7626953125
13.765, -0.0072479248046875, -0.56640625, -0.7776947021484375
13.775, -0.011138916015625, -0.5621185302734375, -0.8003997802734375
13.785, -0.0225677490234375, -0.5787506103515625, -0.819305419921875
13.795, -0.037139892578125, -0.6005859375, -0.8174285888671875
13.805, -0.0494842529296875, -0.618408203125, -0.8069915771484375
13.815, -0.0538482666015625, -0.62786865234375, -0.79754638671875
13.825, -0.061492919921875, -0.633697509765625, -0.7913970947265625
13.835, -0.064361572265625, -0.64056396484375, -0.778228759765625
13.845, -0.05438232421875, -0.633941650390625, -0.772247314453125
13.855, -0.0391082763671875, -0.615936279296875, -0.7692413330078125
13.865, -0.0272674560546875, -0.6011810302734375, -0.7720947265625
13.875, -0.0330047607421875, -0.5985870361328125, -0.78192138671875
13.885, -0.0407562255859375, -0.6004638671875, -0.78399658203125
13.895, -0.0455322265625, -0.6042022705078125, -0.778350830078125
13.905, -0.042022705078125, -0.6060028076171875, -0.77191162109375
13.915, -0.0513458251953125, -0.618988037109375, -0.76470947265625
13.925, -0.057525634765625, -0.6321258544921875, -0.763397216796875
13.934, -0.049835205078125, -0.6381072998046875, -0.7622833251953125
13.944, -0.0489654541015625, -0.63427734375, -0.7624664306640625
13.954, -0.0504150390625, -0.629364013671875, -0.758270263671875
13.964, -0.047393798828125, -0.6256561279296875, -0.7640533447265625
13.974, -0.044189453125, -0.6155853271484375, -0.7846221923828125
13.984, -0.0388641357421875, -0.608917236328125, -0.796722412109375
13.994, -0.03106689453125, -0.60382080078125, -0.80059814453125
14.004, -0.0294189453125, -0.6009063720703125, -0.80316162109375
14.014, -0.0341796875, -0.603424072265625, -0.80316162109375
14.024, -0.03887939453125, -0.6070556640625, -0.8107757568359375
14.034, -0.0468597412109375, -0.6153411865234375, -0.8133392333984375
14.044, -0.0543670654296875, -0.62652587890625, -0.804595947265625
14.054, -0.0646514892578125, -0.6349945068359375, -0.791259765625
14.064, -0.065826416015625, -0.6380157470703125, -0.7795562744140625
14.074, -0.065582275390625, -0.6406707763671875, -0.7707672119140625
14.084, -0.0687103271484375, -0.637359619140625, -0.7731781005859375
14.094, -0.0696258544921875, -0.6298980712890625, -0.7848663330078125
14.104, -0.067291259765625, -0.6207733154296875, -0.7987213134765625
14.114, -0.053680419921875, -0.6042938232421875, -0.8074493408203125
14.124, -0.0398712158203125, -0.594879150390625, -0.80084228515625
14.134, -0.0384063720703125, -0.59222412109375, -0.7957000732421875
14.144, -0.0477752685546875, -0.5987396240234375, -0.7885894775390625
14.154, -0.0499267578125, -0.6157989501953125, -0.76959228515625
14.164, -0.057586669921875, -0.6300506591796875, -0.6854248046875
14.174, -0.08685302734375, -0.6488037109375, -0.6759185791015625
14.184, -0.106231689453125, -0.6604766845703125, -0.8126373291015625
14.194, -0.1485748291015625, -0.6774749755859375, -0.8820343017578125
14.204, -0.15509033203125, -0.67205810546875, -0.84906005859375