index,time,acc x,acc y,acc z,sin ori x,sin ori y,sin ori z
0,0,0.040557861328125,-0.6884002685546875,-0.6136016845703125,-0.6653871626715889,0,0.04393830471153192
1,0.05,-0.163848876953125,-0.87127685546875,-0.403778076171875,-0.4204744124146868,-0.007744395059242928,-0.163848876953125
2,0.1,-0.062652587890625,-0.7991943359375,-0.4800262451171875,-0.514897659571535,-0.017722116202657925,-0.062652587890625
3,0.15,-0.2200164794921875,-0.8118743896484375,-0.589385986328125,-0.5874751394980804,-0.027698072736112467,-0.2200164794921875
4,0.2,-0.1087188720703125,-0.706756591796875,-0.695343017578125,-0.7013274517786919,-0.03721770698620294,-0.1087188720703125
5,0.25,-0.1286773681640625,-0.730072021484375,-0.70855712890625,-0.6964540253758409,-0.0380334277834714,-0.1286773681640625
6,0.3,-0.1793060302734375,-0.7809600830078125,-0.7049407958984375,-0.6700545906451977,-0.03494736401720458,-0.1793060302734375
7,0.349,-0.14447021484375,-0.8146820068359375,-0.6417999267578125,-0.6188301382738423,-0.024553315247321707,-0.14447021484375
8,0.399,-0.2187042236328125,-0.83978271484375,-0.620880126953125,-0.5944970438117664,-0.014156611479382207,-0.2187042236328125
9,0.449,-0.2292022705078125,-0.817047119140625,-0.8132171630859375,-0.7054436388396109,-0.024058392782065927,-0.22920227050781253
10,0.499,-0.1824951171875,-0.717529296875,-0.883331298828125,-0.7761902781841645,-0.020716339190129197,-0.18249511718749997
11,0.549,-0.2558441162109375,-0.74395751953125,-0.9093475341796875,-0.7229535778915306,-0.017374054094696487,-0.19231469175264693
12,0.599,-0.4272613525390625,-0.892242431640625,-0.7772979736328125,-0.5176875174270884,-0.12669127193914234,-0.1842757866097454
13,0.648,0.020538330078125,-0.8654632568359375,-0.0906219482421875,-0.10413984139213563,-0.23448657634336922,0.020538330078125
14,0.698,0.5542755126953125,-0.96038818359375,0.9173736572265625,0.03885068535456198,-0.2671042077805398,0.02094196514476929
15,0.748,1.6575927734375,-0.9264984130859375,0.687225341796875,0.16487601913267563,-0.2780709226185722,0.02839439948094788
16,0.802,3.1228179931640625,-1.1279144287109375,0.838287353515625,0.35514485861258027,-0.30597923692609885,0.042870206612700475
17,0.851,2.9675445556640625,-0.0632171630859375,0.9435577392578125,0.5316146183632154,-0.3336270084961101,0.05733701891488202
18,0.901,-1.3725738525390625,1.4522247314453125,0.659637451171875,0.6764103827588551,-0.5872725695143863,0.04430934150192423
19,0.951,-6.0563812255859375,2.610015869140625,1.8677215576171875,0.9320338250111557,-0.44183599158252584,0.5327133674106697
20,1.001,-2.329742431640625,-2.1710052490234375,2.538604736328125,0.9243113496533635,-0.45916730237511694,0.4653733031167123
21,1.051,-0.6919097900390625,1.754302978515625,0.8149261474609375,0.7017773067252394,-0.3340034887621248,0.23240339690833467
22,1.101,-1.32464599609375,0.5272216796875,0.4529571533203125,0.5283654340718461,-0.2226731819870256,0.04928607504569675
23,1.151,-1.511749267578125,0.113525390625,0.7753143310546875,0.23640880852136179,-0.04594226446694752,-0.13560573294990766
24,1.2,-0.59405517578125,-0.0606842041015625,-0.0397796630859375,-0.5482291844452842,0.09544228588532726,-0.59405517578125
25,1.25,-0.115997314453125,-0.7487945556640625,0.0346527099609375,0.046228517769358234,0.21197119065656067,-0.115997314453125
26,1.3,0.532440185546875,-1.1917724609375,0.015899658203125,-0.03171254033985734,0.2767954080886144,-0.14418157283193075
27,1.35,0.90362548828125,-1.47705078125,0.2163543701171875,-0.028634583878419106,0.32451852985169294,-0.12608523647310685
28,1.4,0.8007965087890625,-1.4930419921875,0.1952362060546875,-0.011994652350488341,0.2782634102704837,-0.08710820177570998
29,1.45,1.1383056640625,-1.5745849609375,0.181732177734375,0.15508091242510808,0.1363225080526181,-0.053148050264598
30,1.499,2.583404541015625,-1.4067840576171875,0.549224853515625,0.317805081110207,-0.008488913740928947,-0.019126300512993695
31,1.549,5.013671875,0.2205810546875,1.442413330078125,0.5688814470382849,-0.05233436248263402,0.09358807765002859
32,1.599,-0.0368499755859375,2.639862060546875,2.059814453125,0.6220043275136139,-0.37600940115031545,0.349122557049218
33,1.649,-9.0098876953125,4.7760467529296875,0.91845703125,0.8100092322213238,-0.21090477760781798,0.8898447336656519
34,1.699,-3.8197174072265625,-2.8295440673828125,3.3776092529296875,0.9380766140178037,-0.03950477163424885,0.9646778464243837
35,1.749,-2.536865234375,2.55718994140625,0.7188720703125,0.91027161919439,-0.05348121618070187,0.9998250303719677
36,1.798,-0.920989990234375,1.2799530029296875,0.3530731201171875,0.8594945408356037,0.016867844965344495,0.9677889607352612
37,1.848,-0.2584228515625,0.075592041015625,0.5997314453125,0.992149973505835,0.10653693233080234,-0.2584228515625
38,1.898,0.7052764892578125,-0.717742919921875,0.7143707275390625,0.9993376138765777,0.2517299818690549,-0.3039020364841346
39,1.948,1.39630126953125,-1.395172119140625,1.2375946044921875,0.9972453901319971,0.3223982122264703,-0.34036394400219566
40,1.998,1.293853759765625,-1.620819091796875,1.01800537109375,0.9969354814819272,0.2649408397228817,-0.3772203778788258
41,2.048,2.1234130859375,-1.0599822998046875,0.9943084716796875,0.990378388853999,0.35585941223629913,-0.4308638760777927
42,2.097,4.259857177734375,-0.382080078125,0.6508941650390625,0.9998682205474714,0.46598386653548934,-0.35506676304704665
43,2.147,3.0702667236328125,0.52923583984375,3.9185791015625,0.9818116081189576,0.1947343642718207,-0.007598866373787745
44,2.197,-3.7510833740234375,4.7476806640625,-2.778106689453125,0.5171201706312266,-0.36121062844360435,0.26834023294956943
45,2.247,-7.4076690673828125,2.4004669189453125,4.791107177734375,-0.288646906701094,-0.8046693351923159,0.5234868863637188
46,2.297,-3.26263427734375,-1.30560302734375,3.08599853515625,-0.7490469064304425,-0.6544605549537775,0.823615061548798
47,2.347,-1.992645263671875,4.16796875,0.8416595458984375,-0.19481145921386278,-0.4629782251264839,0.567204853971224
48,2.396,-0.890960693359375,1.1958465576171875,-0.150970458984375,-0.17233060222546703,-0.3646641507473621,0.41309774688605877
49,2.446,-0.3008880615234375,0.0662384033203125,1.5859527587890625,-0.043491253135139026,-0.37494943130045955,0.26426398464834533
50,2.496,0.4327850341796875,-0.7638092041015625,0.6385498046875,0.6413941674502094,-0.19518858415435972,0.4327850341796875
51,2.546,1.136993408203125,-1.322265625,0.4678802490234375,0.5553555966112003,-0.3161479100694981,0.38934139448470684
52,2.596,1.8056182861328125,-1.51123046875,0.5856781005859375,0.6774025225088401,-0.42553998856414754,0.47624238107456507
53,2.646,2.1773529052734375,-1.743255615234375,0.674774169921875,0.7342381451703476,-0.47626731943670336,0.4281718523815702
54,2.696,2.91253662109375,-1.1009674072265625,-0.2581024169921875,0.842035352404286,-0.4565031079801575,0.37218981050217487
55,2.745,2.9318695068359375,0.997802734375,2.0537261962890625,0.9236688182207341,-0.43651099781534203,0.31481866441106104
56,2.795,-2.8863525390625,3.157440185546875,-0.171630859375,0.9412674600106027,-0.3808059637767374,0.4607812999367024
57,2.845,-6.958343505859375,1.0128936767578125,3.097930908203125,0.9951271616727863,-0.20932265308103448,0.7979767143567176
58,2.895,-2.710174560546875,-1.7696990966796875,2.1414642333984375,0.9892279505254808,-0.031091642873589915,0.9797052976026877
59,2.945,-3.0214385986328125,2.447296142578125,0.1952972412109375,0.9956071909893934,0.02462623363098328,0.8805202222255883
60,2.995,-1.0037689208984375,1.2404022216796875,0.06878662109375,0.9999209315960859,0.0715834125563682,0.7692219994792271
61,3.044,-0.1378326416015625,0.2732696533203125,0.8957061767578125,0.9564763280710497,0.01934645542627263,-0.1378326416015625
62,3.094,1.1852874755859375,-0.4837799072265625,0.8752288818359375,0.9865448958962297,0.12661898541843852,-0.10221916609287336
63,3.144,1.1171417236328125,-1.8134002685546875,1.507537841796875,0.9880482125434324,0.1719923348956995,-0.0711607291670172
64,3.194,2.050048828125,-1.7499847412109375,2.4110260009765625,0.9984073454518948,0.3459972376026548,-0.1362431693116798
65,3.244,2.5687255859375,-0.9220733642578125,0.1859588623046875,0.9643939204566906,0.5087662868595964,-0.20074224066641272
66,3.294,3.8696441650390625,-0.2523651123046875,2.6172943115234375,0.9771795265810772,0.6581165153342659,-0.0012778177835385102
67,3.343,-1.3712005615234375,3.0844268798828125,-0.728240966796875,0.9516587924749802,0.15473135013488012,0.27695033955824805
68,3.393,-6.8507080078125,3.54132080078125,2.2823486328125,0.8890248356739375,0.3708444291616893,0.7304273817419619
69,3.443,-3.6891021728515625,-2.824615478515625,1.4428558349609375,0.8027125566418927,0.5683348885090976,0.9772910386783188
70,3.493,-1.9168243408203125,2.9454345703125,1.49798583984375,0.8328990335235305,0.5693116936789558,0.8965166857700914
71,3.543,-1.421905517578125,1.6047515869140625,0.1563568115234375,0.9189663697211283,0.7219553610234148,0.7594327182126639
72,3.593,-0.90374755859375,0.0836639404296875,0.688507080078125,0.992697820568286,0.7879838472831726,-0.90374755859375
73,3.642,0.5464324951171875,-0.4991455078125,0.546783447265625,0.7385470665738884,0.8591971128274948,0.5464324951171875
74,3.692,1.22369384765625,-1.1985321044921875,1.4345703125,0.6471985362797319,0.8608739970171455,0.4884229361644549
75,3.742,1.6646575927734375,-1.615203857421875,0.6579437255859375,0.681019080073083,0.7774383917071963,0.500096890516756
76,3.792,1.860443115234375,-1.524932861328125,0.7161102294921875,0.741475990026756,0.6721430916071879,0.4687946872448715
77,3.842,2.459625244140625,-0.820343017578125,-0.185028076171875,0.796437788159678,0.5510450910083169,0.43689222803838
78,3.892,3.633941650390625,-0.0310516357421875,0.8225860595703125,0.8559076147926242,0.6995263526384758,0.5166523210311444
79,3.941,0.3891754150390625,1.7100372314453125,0.8845977783203125,0.9537365075728769,0.46944933047255555,0.8267044411367396
80,3.991,-4.914306640625,4.77557373046875,-0.4572296142578125,0.9977400931039074,0.20121638785401452,0.9860408058906717
81,4.041,-4.6016693115234375,-3.6506195068359375,3.4253692626953125,0.9850911291798962,0.33123543853369436,0.9999657801295851
82,4.091,-3.015838623046875,0.774200439453125,1.8388671875,0.9614566338733186,0.45522571985089205,0.9831510408460384
83,4.141,-2.688568115234375,2.3011474609375,-0.9849395751953125,0.6843150416205863,0.6265451891165699,0.9512581936626795
84,4.191,-1.04986572265625,0.6573028564453125,0.2595062255859375,0.5830195712117778,0.8286322535457469,0.8680668125850587
85,4.241,0.3988800048828125,-0.2965240478515625,0.1811676025390625,0.5213629728723107,0.8790561984938149,0.3988800048828125
86,4.29,1.0044708251953125,-1.466766357421875,1.5635223388671875,0.5938777939843506,0.8666677301934809,0.4268452735421786
87,4.34,1.1315765380859375,-2.1414031982421875,2.337310791015625,0.661856657292355,0.8537203662626532,0.45440811266326775
88,4.39,1.619171142578125,-0.958740234375,1.767608642578125,0.658612413696797,0.8772753480971781,0.4506976067527986
89,4.44,2.2499237060546875,-1.3075714111328125,1.1917572021484375,0.6553558812945344,0.8988872240990986,0.4469792975504057
90,4.49,4.083282470703125,0.49041748046875,3.088287353515625,0.8484763455557959,0.8470350531153291,0.5227399391818669
91,4.54,-0.92449951171875,1.9713592529296875,3.0764923095703125,0.8962788854785857,0.3448147264344276,0.8025016722445564
92,4.589,-6.17913818359375,5.2802276611328125,1.10260009765625,0.999994387799249,0.32995713085929756,0.9999236997848997
93,4.639,-4.3058929443359375,-2.7401123046875,-0.2568206787109375,0.9979248260407798,0.3761612041621353,0.9921295306871335
94,4.689,-1.428466796875,2.02154541015625,1.152069091796875,0.9217840590634807,0.4762075853901606,0.8874236237094917
95,4.739,-1.5264129638671875,1.6210479736328125,0.437652587890625,0.8052154068811785,0.6600026318278974,0.7249597882113384
96,4.789,-1.0073394775390625,0.5162353515625,0.942901611328125,0.6181139989169795,0.8783946157850554,0.5739960669635092
97,4.839,-0.1581573486328125,-0.053070068359375,0.620361328125,0.996360815268795,0.9635940578636717,-0.1581573486328125
98,4.888,0.2524871826171875,-0.72772216796875,0.964111328125,0.9882701644970323,0.9803842950478773,-0.26397416028025417
99,4.938,1.0553436279296875,-1.6282196044921875,0.8781585693359375,0.9744628686632103,0.9777044900739242,-0.3226087983788707
100,4.988,1.3747406005859375,-1.8009490966796875,0.3834228515625,0.9824744413445198,0.9673911831808032,-0.2889231526313732
101,5.038,1.8697509765625,-1.57635498046875,1.3624725341796875,0.9987909638817007,0.9409927364911064,-0.2307004504019478
102,5.088,2.9241485595703125,-0.5631866455078125,1.0808563232421875,0.9871272247001744,0.9528972413996389,-0.09971306937086706
103,5.138,2.3508453369140625,-0.0443115234375,4.698760986328125,0.9523178078654878,0.7496129113361419,0.22912944844733438
104,5.187,-2.7464599609375,4.683197021484375,-0.9317474365234375,0.8962847799365871,0.4189645539071492,0.5330873997031504
105,5.237,-6.7825775146484375,0.7941436767578125,8.162857055664062,0.3198621381321361,-0.17664737894017443,0.79033161386896
106,5.287,-3.155731201171875,-0.879425048828125,2.69683837890625,0.41351708835112405,0.021565501185017107,0.9812885184685071
107,5.337,-2.8190460205078125,2.588287353515625,-0.585205078125,0.6818426599214141,0.21627404302458927,0.7538973705282284
108,5.387,-1.2356719970703125,1.027740478515625,0.76495361328125,0.7605947390138869,0.39354586948317627,0.595280604433081
109,5.437,0.1451263427734375,0.1271514892578125,0.82708740234375,0.9883883452896346,0.5125657185718896,0.1451263427734375
110,5.486,0.8558197021484375,-0.7775421142578125,1.30340576171875,0.9999785814054967,0.6326663351456828,0.07610788265489904
111,5.536,1.4289703369140625,-1.7200164794921875,1.183319091796875,0.9998753844565292,0.6330446925168214,0.12776050279172427
112,5.586,0.546295166015625,-1.80780029296875,1.9307708740234375,0.9553353693302135,0.5536067464343444,0.23558381094625652
113,5.636,1.08599853515625,-1.595306396484375,1.584320068359375,0.9269569837420534,0.47203424582247183,0.2511056145182079
114,5.686,2.5234832763671875,-0.912322998046875,0.5372314453125,0.8579024575508248,0.45073174373902364,0.2704437005873159
115,5.736,2.4129791259765625,0.6063385009765625,1.7032318115234375,0.7772636146707467,0.4228016148126096,0.5100834457975357
116,5.786,-1.989593505859375,2.2935638427734375,0.457000732421875,0.5699067577812802,0.009815427021222923,0.7493829033507512
117,5.835,-4.97845458984375,3.4503173828125,3.000213623046875,0.38522469887192695,0.18401938218471228,0.9746197955735826
118,5.885,-3.3124237060546875,-1.60626220703125,-0.3579864501953125,0.6428113138271608,0.5988039993580292,0.8737230503274807
119,5.935,-2.31201171875,1.91180419921875,1.241851806640625,0.7842734003780346,0.7159062139006976,0.6799971679597725
120,5.985,-0.9664459228515625,1.4207763671875,1.248321533203125,0.8492140504214536,0.8432973231902189,0.49883712212311887
121,6.035,-0.68731689453125,0.2357635498046875,1.81488037109375,0.9370376868512789,0.9294160871425582,0.36340904539782776
122,6.085,-0.4990234375,-0.3849639892578125,1.344757080078125,0.9717351921559342,0.928007162742791,0.24958497139726096
123,6.134,-0.4619293212890625,-1.0594635009765625,0.14385986328125,0.13455083737918125,0.8938379249553147,-0.4619293212890625
124,6.184,0.3802642822265625,-1.4509124755859375,-2.420013427734375,0.011946669532134337,0.7698462011766276,-0.5183593184427915
125,6.234,1.0990142822265625,-1.7762603759765625,-1.870880126953125,0.05829705452278695,0.704478874216636,-0.5356862211894614
126,6.284,1.8460235595703125,-1.5185394287109375,-0.6295623779296875,0.13688346026013515,0.6390754842925174,-0.5780167169165762
127,6.334,1.8341522216796875,-1.044189453125,-0.27789306640625,0.2910251634277812,0.6113410708879764,-0.5651288783222547
128,6.384,1.6485443115234375,-1.379302978515625,0.036712646484375,0.4376688249663923,0.5788173432602811,-0.5525932989563367
129,6.433,1.4185791015625,-1.344635009765625,-0.092559814453125,0.5000242333206456,0.6348877493036507,-0.5760549715481087
130,6.483,1.5602264404296875,-1.0068817138671875,-0.5552978515625,0.383095294158211,0.7148299341983446,-0.6080308856817037
131,6.533,0.5646820068359375,2.2905120849609375,-5.3633575439453125,0.28660777784885444,0.8873216018723392,-0.4324490560812268
132,6.583,-2.2489013671875,4.2665252685546875,-4.8126220703125,0.18711402680580702,0.9830888220049736,-0.23851496933979258
133,6.633,-4.102294921875,3.7658233642578125,-0.16290283203125,0.37959348401207216,0.9982006391582144,0.25567676449113336
134,6.683,-3.1594085693359375,1.0028228759765625,1.7411956787109375,0.5508221441911697,0.9999824282716122,0.1669760064515335
135,6.732,-1.8089447021484375,2.320220947265625,0.120147705078125,0.4960731314467227,0.9663132864436857,-0.07803260833963918
136,6.782,-1.488800048828125,1.576751708984375,1.2215576171875,0.6240421601263786,0.9416080629363638,-0.024330914072781342
137,6.832,-2.4532623291015625,1.4281005859375,2.8339996337890625,0.6821497541122125,0.9523865552781635,0.07490764495809196
138,6.882,-2.434967041015625,1.75390625,2.903411865234375,0.5324105010461173,0.9715993615005056,0.12237973345835676
139,6.932,-3.240814208984375,1.6687469482421875,1.999755859375,0.3300586788799624,0.9974217262762145,0.2127767659135871
140,6.982,-4.6107635498046875,0.9326171875,0.5575408935546875,0.11105623368438827,0.9277169032339619,0.3013847191565546
141,7.031,-4.3414764404296875,-0.0993194580078125,-0.2703399658203125,-0.1856646492843664,0.7489833895760311,0.18782337482357533
142,7.081,-2.8349151611328125,0.625396728515625,-1.7921905517578125,-0.4628865530567717,0.5094998116074235,-0.028518998888308823
143,7.131,-1.2874755859375,0.417266845703125,-1.9687652587890625,-0.5691790140696653,0.22483554078932175,-0.25685542321289984
144,7.181,0.6138153076171875,0.8749847412109375,-2.828460693359375,-0.6359771035086955,0.042607805020263755,-0.42074304497470255
145,7.231,1.3429718017578125,1.2239837646484375,-2.9560699462890625,-0.5679454277865953,-0.08603391536323159,-0.4815733812671061
146,7.281,1.4754638671875,1.2111358642578125,-2.2589263916015625,-0.49578707052576476,-0.21325121261549665,-0.5401656659577508
147,7.33,0.8296966552734375,1.348236083984375,-2.032379150390625,-0.4059391472208399,0.06391309760682831,-0.4284907456301139
148,7.38,-0.7104949951171875,1.3348541259765625,-1.42529296875,-0.2622403514591673,0.42409895905193495,-0.17683396183427363
149,7.43,-3.034088134765625,1.5901336669921875,-0.812835693359375,-0.13349819768666565,0.693367778427235,0.054630886598016834
150,7.48,-5.7528533935546875,1.71844482421875,-0.833404541015625,0.0354934586570598,0.9350115476688057,0.33372988195864006
151,7.53,-4.7809295654296875,1.191680908203125,1.5892181396484375,0.20346902897661337,0.9968308374427669,0.58579204558524
152,7.58,-3.4695281982421875,0.8762664794921875,3.389678955078125,0.47739662092100354,0.9545907386572211,0.6969911837070067
153,7.63,-2.632049560546875,0.51983642578125,2.740875244140625,0.4909283097217658,0.8632222569792103,0.6897371355698919
154,7.679,-2.2589569091796875,0.2925567626953125,1.5959320068359375,0.2985488100750888,0.7543735472297703,0.6437910472878945
155,7.729,-2.0000762939453125,0.0814361572265625,0.8522491455078125,0.0828588262620347,0.7572632887929618,0.5159324825802604
156,7.779,-1.347076416015625,0.0077972412109375,-0.07537841796875,-0.13158081192020482,0.7512770068016086,0.3683699795723101
157,7.829,-1.2267303466796875,-0.2978515625,-0.56475830078125,-0.2490356325805439,0.7532452973285643,0.17855445812922618
158,7.879,-0.81585693359375,-0.4261322021484375,-0.84442138671875,-0.2835674618310998,0.755965993455816,-0.030394853609841906
159,7.929,-0.350982666015625,-0.564453125,-0.6229705810546875,-0.7410544035578578,0.7449667846755872,-0.350982666015625
160,7.978,0.0672607421875,-0.739166259765625,-0.4296722412109375,-0.5025543844012016,0.7682116969742138,0.0672607421875
161,8.028,0.34942626953125,-0.7170867919921875,-0.1005706787109375,-0.13888965059721575,0.8182794288464015,0.34942626953125
162,8.078,0.839874267578125,-0.81097412109375,0.23626708984375,0.279708645009079,0.8803156669527855,0.839874267578125
163,8.128,0.844512939453125,-1.005340576171875,-0.3847808837890625,0.4406514283143608,0.911253583546768,0.784356023988373
164,8.178,1.987762451171875,-1.3880767822265625,0.19390869140625,0.6076935940126523,0.8928603627529367,0.767823072546873
165,8.228,2.6394805908203125,0.2752838134765625,1.8453521728515625,0.7512686231715143,0.8728424678644365,0.750762240384148
166,8.277,-2.06109619140625,2.223968505859375,0.0484466552734375,0.8713515216190089,0.9997200294860861,0.9141584221236745
167,8.327,-5.1789093017578125,2.7750091552734375,1.2909393310546875,0.9538835112873454,0.8949522995727359,0.9936044887284881
168,8.377,-2.737091064453125,-2.904022216796875,1.5069732666015625,0.7406225586716233,0.9804637349377434,0.9442184805039404
169,8.427,-1.6537628173828125,1.6611175537109375,0.0716705322265625,0.6536441304830696,0.9999696128919816,0.8079187127787242
170,8.477,-0.651458740234375,0.94818115234375,0.623748779296875,0.6358204633948762,0.9740629339438464,0.6807312446091147
171,8.527,0.0723724365234375,-0.80242919921875,1.3396453857421875,0.450393520032095,0.8452548331445603,0.6361113650869619
172,8.576,-0.453277587890625,-1.0459136962890625,0.4045562744140625,0.3041775925272866,0.7329971008223888,0.5288221056808748
173,8.626,-0.0024566650390625,-0.75079345703125,0.0214080810546875,0.028502357462153877,0.5984455164667286,-0.0024566650390625
174,8.676,0.2867431640625,-0.850433349609375,-0.2496490478515625,-0.28166949203797875,0.4950660667667094,0.2867431640625
175,8.726,0.3929443359375,-0.88372802734375,-0.17633056640625,-0.19567326221334824,0.4722100369218356,0.3929443359375
176,8.776,0.243621826171875,-0.814453125,-0.6405792236328125,-0.618210390274342,0.46014415507636236,0.243621826171875
177,8.826,0.2653656005859375,-0.7620697021484375,-0.501678466796875,-0.5498588299664597,0.46086914966106096,0.2653656005859375
178,8.875,0.269927978515625,-0.701019287109375,-0.756866455078125,-0.7336557966136175,0.4843331630727485,0.269927978515625
179,8.925,0.0821075439453125,-0.72674560546875,-0.781158447265625,-0.7321462666649086,0.4899304724267431,0.0821075439453125
180,8.975,0.011871337890625,-0.829620361328125,-0.6555023193359375,-0.6199582079925637,0.49201390330956807,0.011871337890625
181,9.025,-0.015594482421875,-0.762054443359375,-0.7023468017578125,-0.6777130184026525,0.48167084081179495,-0.015594482421875
182,9.075,0.002288818359375,-0.78399658203125,-0.594390869140625,-0.6041508768378427,0.4651074411557755,0.002288818359375
183,9.125,-0.0555572509765625,-0.7520599365234375,-0.77459716796875,-0.7174672498777728,0.4745723435999737,-0.0555572509765625
184,9.175,0.0127716064453125,-0.681488037109375,-0.663970947265625,-0.6978415226757714,0.4670728862542132,0.0127716064453125
185,9.224,-0.06427001953125,-0.714385986328125,-0.7488861083984375,-0.7235774185822854,0.46915404798667343,-0.06427001953125
186,9.274,-0.034698486328125,-0.6397552490234375,-0.7975006103515625,-0.7800308780737193,0.45257236460108885,-0.034698486328125
187,9.324,-0.031829833984375,-0.70379638671875,-0.77191162109375,-0.7389584107229666,0.4473633530916824,-0.031829833984375
188,9.374,0.0201416015625,-0.66864013671875,-0.7340545654296875,-0.7392791273491051,0.4427356518777211,0.0201416015625
189,9.424,-0.04107666015625,-0.6896514892578125,-0.749908447265625,-0.7360602497090163,0.44055038855857415,-0.04107666015625
190,9.474,0.0280303955078125,-0.6375274658203125,-0.765411376953125,-0.7683769471012218,0.4383759996847985,0.0280303955078125
191,9.523,-0.0234222412109375,-0.665802001953125,-0.7377166748046875,-0.7423642445780919,0.4358205448054639,-0.0234222412109375
192,9.573,0.0516357421875,-0.621978759765625,-0.7568817138671875,-0.7725988223338764,0.4345850184879755,0.0516357421875
193,9.623,0.0507049560546875,-0.624053955078125,-0.78472900390625,-0.7826799110155777,0.4335671911198149,0.0507049560546875
194,9.673,0.0574951171875,-0.628448486328125,-0.800018310546875,-0.7863839124779184,0.4264727083647611,0.0574951171875
195,9.723,0.025054931640625,-0.6547393798828125,-0.72979736328125,-0.7443472085817993,0.4271863119412248,0.025054931640625
196,9.773,0.0057220458984375,-0.6205902099609375,-0.8023529052734375,-0.7910033827896868,0.43104924548045986,0.0057220458984375
197,9.822,-0.0011444091796875,-0.6502532958984375,-0.7758331298828125,-0.766408162758971,0.41995158935644583,-0.0011444091796875
198,9.872,0.0128021240234375,-0.6295166015625,-0.7554168701171875,-0.7682200076776846,0.4199518068812688,0.0128021240234375
199,9.922,0.01995849609375,-0.641204833984375,-0.758056640625,-0.7634993634885302,0.4213789743960563,0.01995849609375
200,9.972,-0.020172119140625,-0.65777587890625,-0.78704833984375,-0.7673084252606563,0.4279987204114115,-0.020172119140625
201,10.022,0.0145721435546875,-0.65716552734375,-0.7766265869140625,-0.7633766138628487,0.43459558392081366,0.0145721435546875
202,10.072,-0.0222930908203125,-0.638946533203125,-0.793243408203125,-0.7787803364594673,0.43904127170392343,-0.0222930908203125
203,10.121,-0.0114898681640625,-0.6768798828125,-0.7537841796875,-0.7440425993465418,0.43758452060261754,-0.0114898681640625
204,10.171,0.002105712890625,-0.6500701904296875,-0.7835540771484375,-0.7696162244417564,0.4384921585936591,0.002105712890625
205,10.221,0.014434814453125,-0.64227294921875,-0.7741241455078125,-0.7696034070763589,0.4349523402146123,0.014434814453125
206,10.271,0.0269622802734375,-0.6636505126953125,-0.65985107421875,-0.705073951055396,0.4314057872850745,0.0269622802734375
207,10.321,0.0089569091796875,-0.6288299560546875,-0.803619384765625,-0.7875475985496287,0.42301785339196807,0.0089569091796875
208,10.371,0.007965087890625,-0.6344146728515625,-0.7670745849609375,-0.7705944555220361,0.4269441665092296,0.007965087890625
209,10.42,0.0234222412109375,-0.6350860595703125,-0.7444915771484375,-0.7607943240578682,0.42843793056848983,0.0234222412109375
210,10.47,0.0208587646484375,-0.614105224609375,-0.7843017578125,-0.7873569320105499,0.4259060191520563,0.0208587646484375
211,10.52,0.029388427734375,-0.6138458251953125,-0.791290283203125,-0.790126884031861,0.42911835043012964,0.029388427734375
212,10.57,0.01556396484375,-0.6199951171875,-0.75946044921875,-0.7746475071330956,0.4263888547314658,0.01556396484375
213,10.62,0.000030517578125,-0.6295928955078125,-0.7871246337890625,-0.7809204992732922,0.42726524194332577,0.000030517578125
214,10.67,-0.0207672119140625,-0.6297454833984375,-0.7594757080078125,-0.7697896546771549,0.42730545234794703,-0.0207672119140625
215,10.72,-0.002685546875,-0.6195526123046875,-0.7758941650390625,-0.7814397171404975,0.4284764679554727,-0.002685546875
216,10.769,0.004302978515625,-0.6002044677734375,-0.8118133544921875,-0.8040963528862921,0.428555597719819,0.004302978515625
217,10.819,-0.0013427734375,-0.6245269775390625,-0.7677154541015625,-0.7757389271190701,0.42894268100601995,-0.0013427734375
218,10.869,-0.00177001953125,-0.61669921875,-0.7851715087890625,-0.7864259840280603,0.4311223563901903,-0.00177001953125
219,10.919,0.006256103515625,-0.608062744140625,-0.774871826171875,-0.7866955621944907,0.43209496512264284,0.006256103515625
220,10.969,0.0089874267578125,-0.60845947265625,-0.799652099609375,-0.7958150128140175,0.43166168219784323,0.0089874267578125
221,11.019,0.0007781982421875,-0.597198486328125,-0.7712554931640625,-0.7906753411077206,0.43699673107543796,0.0007781982421875
222,11.068,0.00274658203125,-0.604339599609375,-0.79376220703125,-0.7956402276596303,0.43728242216443475,0.00274658203125
223,11.118,-0.0084228515625,-0.6025543212890625,-0.7808685302734375,-0.7916988789196797,0.4403127997064123,-0.0084228515625
224,11.168,-0.00433349609375,-0.5923919677734375,-0.7972412109375,-0.8026688303928772,0.4465403929131052,-0.00433349609375
225,11.218,-0.0099334716796875,-0.5877685546875,-0.80615234375,-0.8080317994186808,0.44763654839847883,-0.0099334716796875
226,11.268,-0.015716552734375,-0.5781097412109375,-0.8224639892578125,-0.818115851096734,0.4492696824552252,-0.015716552734375
227,11.318,-0.0320281982421875,-0.595855712890625,-0.81787109375,-0.8082467486155124,0.45318611079801896,-0.0320281982421875
228,11.367,-0.0181121826171875,-0.5782318115234375,-0.8260498046875,-0.8192333423974318,0.45236190739381155,-0.0181121826171875
229,11.417,-0.0460357666015625,-0.5993194580078125,-0.8453826904296875,-0.8157937742208187,0.4565667027278951,-0.0460357666015625
230,11.467,-0.0466766357421875,-0.5841827392578125,-0.820159912109375,-0.8145057896946764,0.4607613246097821,-0.0466766357421875
231,11.517,-0.0357208251953125,-0.5750579833984375,-0.8352203369140625,-0.8236531704733698,0.46243530497970814,-0.0357208251953125
232,11.567,-0.028961181640625,-0.57086181640625,-0.8116912841796875,-0.8179621169673005,0.45620296417214684,-0.028961181640625
233,11.617,-0.0340728759765625,-0.5731201171875,-0.833251953125,-0.8239221627875535,0.45233571036379616,-0.0340728759765625
234,11.666,-0.0118865966796875,-0.5884246826171875,-0.800537109375,-0.8057497385526374,0.4536802101889705,-0.0118865966796875
235,11.716,-0.0057220458984375,-0.576995849609375,-0.773773193359375,-0.8016549532816534,0.445943615842388,-0.0057220458984375
236,11.766,-0.009735107421875,-0.517486572265625,-0.8834991455078125,-0.8628797401516725,0.46037365853553136,-0.009735107421875
237,11.816,-0.0091094970703125,-0.5073699951171875,-0.855712890625,-0.86016768128395,0.46672722152717516,-0.0091094970703125
238,11.866,-0.0492401123046875,-0.5308837890625,-0.8878631591796875,-0.8582741330174375,0.47305678719833866,-0.0492401123046875
239,11.916,-0.0225372314453125,-0.5431671142578125,-0.8172149658203125,-0.8328222124664186,0.47590613911430396,-0.0225372314453125
240,11.965,-0.017974853515625,-0.5390472412109375,-0.8335723876953125,-0.8397185900354062,0.4787505046377405,-0.017974853515625
241,12.015,-0.0113983154296875,-0.548126220703125,-0.8496551513671875,-0.8403139453793299,0.4748408443864302,-0.0113983154296875
242,12.065,-0.001556396484375,-0.5419769287109375,-0.8537445068359375,-0.8442499872867262,0.47595382642699546,-0.001556396484375
243,12.115,-0.0467987060546875,-0.5140838623046875,-0.9221954345703125,-0.8734514666034363,0.4720055534375604,-0.0467987060546875
244,12.165,-0.0711822509765625,-0.5127716064453125,-0.871002197265625,-0.8617536979126541,0.46443406563513984,-0.0711822509765625
245,12.215,-0.042816162109375,-0.5459136962890625,-0.8215179443359375,-0.8328752181956464,0.4563580068146532,-0.042816162109375
246,12.264,-0.052581787109375,-0.580322265625,-0.7857666015625,-0.8044020292929694,0.4550296541623266,-0.052581787109375
247,12.314,-0.057037353515625,-0.582794189453125,-0.7949676513671875,-0.8064930798018461,0.45723545140724287,-0.057037353515625
248,12.364,-0.0262451171875,-0.5640869140625,-0.811248779296875,-0.8210285671442307,0.45491318677938525,-0.0262451171875
249,12.414,-0.01507568359375,-0.540008544921875,-0.8553466796875,-0.8455828028436112,0.457850836372473,-0.01507568359375
250,12.464,0.002655029296875,-0.544769287109375,-0.8070068359375,-0.8288297790849891,0.4561461333338508,0.002655029296875
251,12.514,-0.0125579833984375,-0.5497589111328125,-0.8575286865234375,-0.8418519145152167,0.4576277203809049,-0.0125579833984375
252,12.564,-0.0294952392578125,-0.5396270751953125,-0.843353271484375,-0.8423253685130445,0.4616557441819936,-0.0294952392578125
253,12.613,-0.0480194091796875,-0.5411529541015625,-0.8551025390625,-0.8450030534904907,0.4624881266211094,-0.0480194091796875
254,12.663,-0.040008544921875,-0.5389404296875,-0.8202972412109375,-0.8357578673777747,0.4635617555372824,-0.040008544921875
255,12.713,-0.014312744140625,-0.55963134765625,-0.74627685546875,-0.8000392575950954,0.46463470429484877,-0.014312744140625
256,12.763,-0.039764404296875,-0.5527496337890625,-0.816314697265625,-0.8280306505873662,0.4690802910319262,-0.039764404296875
257,12.813,-0.0239105224609375,-0.547119140625,-0.8130645751953125,-0.8296519603110089,0.471916896878758,-0.0239105224609375
258,12.863,-0.0326995849609375,-0.5644989013671875,-0.820770263671875,-0.823939115455221,0.4767718696262634,-0.0326995849609375
259,12.912,-0.0407562255859375,-0.529510498046875,-0.8812713623046875,-0.8571719202678026,0.47823115845115993,-0.0407562255859375
260,12.962,-0.03326416015625,-0.5376129150390625,-0.82244873046875,-0.8370358130711145,0.48491847976969077,-0.03326416015625
261,13.012,-0.0237274169921875,-0.5493621826171875,-0.82025146484375,-0.8308665966658898,0.486526327799956,-0.0237274169921875
262,13.062,-0.037567138671875,-0.5600738525390625,-0.8079986572265625,-0.821863514155835,0.4957611205202355,-0.037567138671875
263,13.112,-0.010162353515625,-0.5706024169921875,-0.8045806884765625,-0.8156938716537491,0.5167577857894837,-0.010162353515625
264,13.162,0.0510406494140625,-0.4978179931640625,-0.7894439697265625,-0.8458651483296403,0.5437248080964661,0.0510406494140625
265,13.211,-0.0016937255859375,-0.53167724609375,-0.8845977783203125,-0.8571000178836076,0.5767001360063144,-0.0016937255859375
266,13.261,-0.2250823974609375,-0.5831756591796875,-0.75030517578125,-0.7895536281737189,0.6092309026051264,-0.22508239746093753
267,13.311,-0.1085205078125,-0.600006103515625,-0.757476806640625,-0.7838760927409235,0.641106587549591,-0.1085205078125
268,13.361,-0.25775146484375,-0.497314453125,-0.890960693359375,-0.8731834934859848,0.6880739533853155,-0.25775146484375
269,13.411,-0.345245361328125,-0.5041656494140625,-0.7970428466796875,-0.8451200081899645,0.700167883106565,-0.345245361328125
270,13.461,-0.291412353515625,-0.520355224609375,-0.8253936767578125,-0.8459263694408063,0.737995938296578,-0.291412353515625
271,13.51,-0.2060699462890625,-0.5194549560546875,-0.77239990234375,-0.8298014727612144,0.7296868874217777,-0.2060699462890625
272,13.56,-0.2181854248046875,-0.49578857421875,-0.7355194091796875,-0.8292076709431232,0.7039856012981731,-0.2181854248046875
273,13.61,-0.264129638671875,-0.48626708984375,-1.0329437255859375,-0.9047593260336959,0.6300510591985514,-0.264129638671875
274,13.66,-0.1123809814453125,-0.4443206787109375,-0.9993438720703125,-0.9137545811873145,0.6246827718305001,-0.11238098144531251
275,13.71,-0.15509033203125,-0.4416961669921875,-0.8205108642578125,-0.8805236742331918,0.6238885180944534,-0.15509033203125
276,13.76,-0.1731109619140625,-0.485565185546875,-0.774444580078125,-0.847241563041871,0.637311998317269,-0.1731109619140625
277,13.809,-0.2001953125,-0.4416351318359375,-0.932586669921875,-0.9037814940748545,0.6495175594633062,-0.2001953125
278,13.859,-0.2529144287109375,-0.4342498779296875,-0.8295745849609375,-0.8859584476621672,0.6751375288573891,-0.2529144287109375
279,13.909,-0.500579833984375,-0.780517578125,-0.6497802734375,-0.6398059986075509,0.6719898365104211,-0.500579833984375
280,13.959,-0.2552032470703125,-0.5646209716796875,-0.628509521484375,-0.743904494824815,0.6722431303345875,-0.2552032470703125
281,14.009,-0.3194580078125,-0.616973876953125,-0.7874298095703125,-0.7871533823509714,0.6626384418281261,-0.3194580078125
282,14.059,-0.2747650146484375,-0.6248931884765625,-0.610595703125,-0.6988771132282835,0.6658841633113115,-0.2747650146484375
283,14.109,-0.2192230224609375,-0.649444580078125,-0.6534271240234375,-0.7092649113178303,0.6763715742026873,-0.2192230224609375
284,14.158,-0.306060791015625,-0.631927490234375,-0.878143310546875,-0.8116814484464064,0.6814897677617189,-0.306060791015625
